sNoEmplacement,nNoTroncon,longitude,latitude
G406,1,-73.571028,45.508322
G408,1,-73.570925,45.508273
G409,1,-73.570889,45.508256
G411,1,-73.570721,45.508175
G412,1,-73.570619,45.50813
G413,1,-73.570619,45.50813
G414,1,-73.570491,45.508069
G415,1,-73.570491,45.508069
G416,1,-73.570361,45.508007
G417,1,-73.570361,45.508007
G418,1,-73.570252,45.507958
G421,1,-73.570054,45.507862
G422,1,-73.570054,45.507862
G423,1,-73.569917,45.507794
G427,1,-73.569693,45.507686
G428,1,-73.569693,45.507686
G429,1,-73.569593,45.50764
E810,2,-73.571088,45.508166
E811,2,-73.571088,45.508166
E814,2,-73.57084,45.508046
E815,2,-73.57084,45.508046
E818,2,-73.570613,45.507941
E819,2,-73.570545,45.507907
E820,2,-73.570477,45.507876
E821,2,-73.570412,45.507844
E822,2,-73.570341,45.507809
E823,2,-73.570341,45.507809
G430,3,-73.569251,45.507485
G431,3,-73.569251,45.507485
G432,3,-73.569125,45.507424
G433,3,-73.569125,45.507424
G434,3,-73.569048,45.507385
G435,3,-73.568966,45.507348
E825,4,-73.569952,45.507626
E826,4,-73.569952,45.507626
E827,4,-73.569819,45.507563
E828,4,-73.569819,45.507563
E829,4,-73.569741,45.507526
H402,5,-73.568596,45.507172
H403,5,-73.568596,45.507172
H404,5,-73.568466,45.507112
H405,5,-73.568466,45.507112
H406,5,-73.568339,45.507053
H407,5,-73.568339,45.507053
H408,5,-73.568212,45.506993
H409,5,-73.568212,45.506993
F856,6,-73.568721,45.507071
F857,6,-73.568637,45.507031
F858,6,-73.568637,45.507031
F859,6,-73.568505,45.506969
F860,6,-73.568435,45.506936
F861,6,-73.568435,45.506936
F862,6,-73.568299,45.506872
F863,6,-73.568299,45.506872
H429,7,-73.56672,45.506288
H430,7,-73.56672,45.506288
H431,7,-73.566593,45.506228
H432,7,-73.566524,45.506194
H433,7,-73.566456,45.506162
H434,7,-73.566381,45.506126
H435,7,-73.566381,45.506126
H437,7,-73.566246,45.506061
H440,7,-73.566021,45.505953
H441,7,-73.566021,45.505953
H444,7,-73.565773,45.505843
H445,7,-73.565759,45.505836
H446,7,-73.565637,45.505774
H447,7,-73.565571,45.505738
H448,7,-73.565571,45.505738
H451,7,-73.565318,45.50562
H452,7,-73.565278,45.505601
H453,7,-73.565178,45.505556
H454,7,-73.565178,45.505556
H455,7,-73.565051,45.505495
H456,7,-73.565051,45.505495
H457,7,-73.564924,45.505433
H458,7,-73.564924,45.505433
F865,8,-73.56792,45.506694
F866,8,-73.56792,45.506694
F879,10,-73.566841,45.506168
F880,10,-73.566756,45.506128
F881,10,-73.566756,45.506128
F882,10,-73.566687,45.506097
F883,10,-73.566623,45.506067
F886,12,-73.566385,45.505946
F887,12,-73.566385,45.505946
F888,12,-73.566235,45.505875
F889,12,-73.566235,45.505875
F890,12,-73.566122,45.505821
F891,12,-73.566081,45.505809
F894,12,-73.565864,45.505701
F895,12,-73.565767,45.505656
F896,12,-73.565679,45.505609
F897,12,-73.565679,45.505609
F898,12,-73.565544,45.505545
F899,12,-73.565544,45.505545
F900,12,-73.565409,45.50548
F901,12,-73.565409,45.50548
F828,19,-73.567404,45.505263
F829,19,-73.567404,45.505263
F830,19,-73.567263,45.505195
F831,19,-73.567263,45.505195
F810,20,-73.568835,45.505842
F811,20,-73.568752,45.505802
F812,20,-73.568752,45.505802
F813,20,-73.568626,45.50574
F814,20,-73.568626,45.50574
F815,20,-73.5685,45.505678
F833,21,-73.567041,45.505098
F834,21,-73.567041,45.505098
F835,21,-73.566899,45.505028
F838,21,-73.566713,45.504938
F839,21,-73.566713,45.504938
F840,21,-73.566578,45.504872
F841,21,-73.566578,45.504872
F842,21,-73.566441,45.504805
E770,25,-73.571674,45.506475
E771,25,-73.571616,45.506448
E772,25,-73.5715,45.506392
E773,25,-73.5715,45.506392
E774,25,-73.571373,45.506332
E775,25,-73.571373,45.506332
E776,25,-73.571245,45.506272
E777,25,-73.571245,45.506272
E778,25,-73.571117,45.506212
E779,25,-73.571129,45.506152
E780,25,-73.571069,45.506123
E753,26,-73.571862,45.506355
E754,26,-73.571732,45.506294
E755,26,-73.571732,45.506294
E756,26,-73.57163,45.506242
E762,26,-73.571201,45.506041
E763,26,-73.571201,45.506041
E788,27,-73.570683,45.506003
E789,27,-73.570683,45.506003
E790,27,-73.570553,45.505939
E791,27,-73.570553,45.505939
E792,27,-73.570423,45.505879
E793,27,-73.570423,45.505879
E781,28,-73.570839,45.505868
E782,28,-73.570839,45.505868
E783,28,-73.570711,45.505808
E784,28,-73.570711,45.505808
E785,28,-73.570584,45.505747
E786,28,-73.570584,45.505747
E787,28,-73.570489,45.505702
F784,29,-73.570065,45.50563
F785,29,-73.570009,45.505591
F786,29,-73.570009,45.505591
F787,29,-73.569882,45.505532
F788,29,-73.569882,45.505532
F789,29,-73.569755,45.505469
F803,30,-73.568712,45.504985
F805,30,-73.56857,45.504918
F806,30,-73.56857,45.504918
F807,30,-73.568439,45.504856
F808,30,-73.568439,45.504856
F764,33,-73.56842,45.504105
F765,33,-73.568318,45.504054
F766,33,-73.568318,45.504054
F767,33,-73.56824,45.504015
F768,33,-73.568129,45.503962
F769,33,-73.568129,45.503962
F774,33,-73.56783,45.503813
F775,33,-73.567771,45.503787
F776,33,-73.567655,45.503731
F777,33,-73.567655,45.503731
F778,33,-73.567557,45.503685
E436,155,-73.570751,45.506104
E437,155,-73.570751,45.506104
E438,155,-73.570665,45.506187
E439,155,-73.570665,45.506187
E440,155,-73.570584,45.506275
E441,155,-73.570584,45.506275
E442,155,-73.570501,45.506361
E443,155,-73.570501,45.506361
E448,155,-73.570218,45.506651
E449,155,-73.570218,45.506651
E450,155,-73.570127,45.50674
E451,155,-73.570127,45.50674
E452,155,-73.570086,45.506785
E453,155,-73.569993,45.506875
E454,155,-73.569993,45.506875
E419,156,-73.570357,45.506774
E420,156,-73.570357,45.506774
E423,156,-73.570208,45.506931
E424,156,-73.570208,45.506931
E425,156,-73.570118,45.507021
E426,156,-73.570073,45.507062
E427,156,-73.570073,45.507062
E428,156,-73.569975,45.507162
E429,156,-73.569975,45.507162
E430,156,-73.569873,45.507265
E431,156,-73.569873,45.507265
E432,156,-73.569784,45.507355
E537,182,-73.570079,45.50612
E538,182,-73.570079,45.50612
E541,182,-73.56992,45.506286
E543,182,-73.569884,45.506326
E544,182,-73.569798,45.506414
E545,182,-73.569798,45.506414
E546,182,-73.569706,45.50651
E547,182,-73.569706,45.50651
E548,182,-73.569621,45.506599
E549,182,-73.569621,45.506599
E550,182,-73.569536,45.506689
E551,182,-73.569536,45.506689
E552,182,-73.569488,45.506738
E553,182,-73.569399,45.506764
E554,182,-73.569323,45.506843
E555,182,-73.569277,45.506893
E556,182,-73.569277,45.506893
E557,182,-73.569191,45.506982
E558,182,-73.569191,45.506982
E559,182,-73.569105,45.507072
E560,182,-73.569105,45.507072
F276,204,-73.568308,45.504892
F277,204,-73.568308,45.504892
F278,204,-73.568228,45.504985
F279,204,-73.568228,45.504985
F284,204,-73.567942,45.505263
F285,204,-73.567942,45.505263
F287,205,-73.567753,45.505523
F288,205,-73.567753,45.505523
F289,205,-73.567671,45.505615
F290,205,-73.567671,45.505615
F291,205,-73.567589,45.505713
F292,205,-73.567589,45.505713
F293,205,-73.56751,45.505803
F294,205,-73.56751,45.505803
F295,205,-73.567432,45.505893
F296,205,-73.567358,45.505932
F297,205,-73.567317,45.505979
F298,205,-73.567317,45.505979
F299,205,-73.567235,45.506073
F300,205,-73.567235,45.506073
F301,205,-73.567183,45.506179
F302,205,-73.567183,45.506179
F195,358,-73.569537,45.505447
F196,358,-73.569537,45.505447
F197,358,-73.569464,45.505524
F202,358,-73.569237,45.505762
F203,358,-73.569237,45.505762
F204,358,-73.569152,45.505854
F205,358,-73.569152,45.505854
F206,358,-73.569111,45.505898
F208,358,-73.569012,45.506002
F209,358,-73.568946,45.506066
F210,358,-73.568946,45.506066
F211,358,-73.568883,45.506133
F212,358,-73.568839,45.506179
F213,358,-73.568768,45.506253
F214,358,-73.568768,45.506253
F215,358,-73.568678,45.506347
F216,358,-73.568678,45.506347
F222,358,-73.568385,45.506662
F223,358,-73.568385,45.506662
F224,358,-73.568335,45.506714
G526,359,-73.569141,45.512445
G527,359,-73.569141,45.512445
G528,359,-73.569013,45.512386
G529,359,-73.569013,45.512386
G530,359,-73.568899,45.512336
G535,359,-73.56855,45.512175
G536,359,-73.56855,45.512175
G537,359,-73.568422,45.512116
G538,359,-73.568422,45.512116
G539,359,-73.568343,45.51208
G540,359,-73.568228,45.512027
G541,359,-73.568228,45.512027
G489,360,-73.569258,45.512322
G491,360,-73.569185,45.512287
G492,360,-73.569051,45.512234
G493,360,-73.569051,45.512234
G494,360,-73.568947,45.512177
G495,360,-73.568897,45.512157
G496,360,-73.568795,45.512108
G497,360,-73.568795,45.512108
G498,360,-73.568673,45.51205
G499,360,-73.568673,45.51205
G500,360,-73.56854,45.511989
G501,360,-73.56854,45.511989
G502,360,-73.568413,45.511929
G503,360,-73.568413,45.511929
G504,360,-73.568343,45.511895
G506,360,-73.568142,45.511802
G509,360,-73.567938,45.511708
G510,360,-73.567865,45.511675
G511,360,-73.567865,45.511675
G512,360,-73.567737,45.511617
G513,360,-73.567737,45.511617
G514,360,-73.567606,45.511558
G515,360,-73.567606,45.511558
G516,360,-73.567478,45.511499
G517,360,-73.567478,45.511499
G518,360,-73.567346,45.511438
G519,360,-73.567346,45.511438
G520,360,-73.567221,45.511379
G521,360,-73.567221,45.511379
G522,360,-73.567118,45.511329
G523,360,-73.567081,45.511312
G524,360,-73.56702,45.511284
G542,361,-73.567909,45.511879
G543,361,-73.567857,45.511854
G544,361,-73.567819,45.511837
G545,361,-73.567708,45.511786
G546,361,-73.567708,45.511786
G547,361,-73.56758,45.511726
G548,361,-73.56758,45.511726
G549,361,-73.567446,45.511664
G550,361,-73.567446,45.511664
G551,361,-73.56732,45.511601
G552,361,-73.56732,45.511601
G553,361,-73.567188,45.511545
G554,361,-73.567188,45.511545
G555,361,-73.56706,45.511484
G556,361,-73.56706,45.511484
G557,361,-73.566979,45.511446
G558,362,-73.566657,45.5111
G559,362,-73.56656,45.511057
G560,362,-73.56656,45.511057
G561,362,-73.566431,45.510996
G562,362,-73.566431,45.510996
G563,362,-73.566292,45.510931
G564,362,-73.566292,45.510931
G565,362,-73.566138,45.510889
G566,362,-73.566138,45.510889
G568,362,-73.565986,45.510816
G569,362,-73.565902,45.510776
G570,362,-73.565902,45.510776
G571,362,-73.565766,45.510712
G572,362,-73.565766,45.510712
G573,362,-73.565631,45.510646
G574,362,-73.565631,45.510646
G575,362,-73.565557,45.510612
G582,363,-73.566219,45.511093
G583,363,-73.566219,45.511093
G584,363,-73.56609,45.511033
G585,363,-73.56609,45.511033
G586,363,-73.565964,45.510974
G587,363,-73.565964,45.510974
G588,363,-73.565836,45.510914
G589,363,-73.565836,45.510914
G590,363,-73.56571,45.510855
G591,363,-73.56571,45.510855
G592,363,-73.565582,45.510795
G593,363,-73.565582,45.510795
H672,364,-73.565171,45.510429
H673,364,-73.565094,45.510393
H674,364,-73.564979,45.510339
H675,364,-73.564979,45.510339
H676,364,-73.564915,45.510309
H679,364,-73.564668,45.510183
H680,364,-73.564668,45.510183
H681,364,-73.564601,45.510154
H682,364,-73.564417,45.510067
H683,364,-73.564417,45.510067
H684,364,-73.564288,45.510007
H685,364,-73.564288,45.510007
H686,364,-73.564161,45.509947
H687,364,-73.564161,45.509947
H688,364,-73.564038,45.509884
H695,365,-73.564734,45.510396
H696,365,-73.564734,45.510396
H697,365,-73.564606,45.510337
H698,365,-73.564606,45.510337
H699,365,-73.564477,45.510278
H700,365,-73.564477,45.510278
H701,365,-73.56435,45.510217
H702,365,-73.56435,45.510217
H703,365,-73.564222,45.510158
H704,365,-73.564222,45.510158
H705,365,-73.564094,45.510097
H706,365,-73.564094,45.510097
H707,365,-73.563965,45.510038
H708,365,-73.563965,45.510038
H712,366,-73.563561,45.509664
H713,366,-73.563561,45.509664
H714,366,-73.563433,45.509605
H715,366,-73.563433,45.509605
H716,366,-73.563302,45.509544
H717,366,-73.563302,45.509544
H718,366,-73.563175,45.509484
H719,366,-73.563175,45.509484
H720,366,-73.563047,45.509423
H721,366,-73.563047,45.509423
H722,366,-73.562935,45.509369
H723,366,-73.562897,45.509352
H724,366,-73.562792,45.509303
H725,366,-73.562792,45.509303
H727,366,-73.56265,45.509236
H731,366,-73.562436,45.509132
H732,366,-73.562326,45.509085
H733,366,-73.562289,45.509066
H737,366,-73.561984,45.508926
H738,366,-73.561915,45.508894
H739,366,-73.561915,45.508894
H745,367,-73.563251,45.509699
H746,367,-73.563251,45.509699
H747,367,-73.563122,45.50964
H748,367,-73.563122,45.50964
H749,367,-73.562995,45.509579
H750,367,-73.562995,45.509579
H751,367,-73.562868,45.509517
H752,367,-73.562868,45.509517
H753,367,-73.56274,45.509458
H754,367,-73.56274,45.509458
H755,367,-73.562668,45.509421
G772,402,-73.567128,45.516862
G773,402,-73.567102,45.51685
G774,402,-73.566987,45.516792
G775,402,-73.566987,45.516792
G778,402,-73.566763,45.516691
G779,402,-73.566763,45.516691
G780,402,-73.566623,45.516628
G781,402,-73.566623,45.516628
G782,402,-73.566488,45.516566
G783,402,-73.566488,45.516566
G784,402,-73.566347,45.516502
G785,402,-73.566347,45.516502
G786,402,-73.566206,45.516438
G787,402,-73.566206,45.516438
G788,402,-73.566075,45.516379
G789,402,-73.566075,45.516379
G790,402,-73.565931,45.516314
G791,402,-73.565931,45.516314
G794,402,-73.565732,45.516219
G795,402,-73.565642,45.516174
G796,402,-73.565642,45.516174
G797,402,-73.565507,45.516122
G798,402,-73.565507,45.516122
G799,402,-73.565385,45.516065
G742,403,-73.567214,45.516711
G743,403,-73.567214,45.516711
G751,403,-73.566693,45.516476
G752,403,-73.566566,45.516415
G753,403,-73.566566,45.516415
G756,403,-73.566313,45.516306
G757,403,-73.566313,45.516306
G758,403,-73.56618,45.516241
G759,403,-73.56618,45.516241
G760,403,-73.566071,45.516192
G762,403,-73.565926,45.516124
G763,403,-73.565926,45.516124
G764,403,-73.565823,45.516078
G765,403,-73.565764,45.516051
G767,403,-73.565636,45.515991
G768,403,-73.56554,45.515948
G769,403,-73.56554,45.515948
G846,404,-73.564958,45.515864
G849,404,-73.564812,45.515796
G850,404,-73.564678,45.515738
G851,404,-73.564678,45.515738
G852,404,-73.564551,45.515682
G853,404,-73.564551,45.515682
G854,404,-73.564423,45.515623
G855,404,-73.564423,45.515623
G856,404,-73.564295,45.515562
G857,404,-73.564295,45.515562
G858,404,-73.564166,45.515502
G859,404,-73.564166,45.515502
G860,404,-73.564036,45.515445
G861,404,-73.564036,45.515445
G862,404,-73.563908,45.515388
G863,404,-73.563908,45.515388
G864,404,-73.563782,45.51533
G865,404,-73.563782,45.51533
G866,404,-73.563645,45.515268
G867,404,-73.563645,45.515268
G868,404,-73.563524,45.515212
G869,404,-73.563524,45.515212
G870,404,-73.563392,45.515151
G871,404,-73.563392,45.515151
G872,406,-73.563278,45.515101
G873,406,-73.563197,45.515065
G874,406,-73.563197,45.515065
G875,406,-73.563122,45.515031
G876,406,-73.563032,45.51499
G877,406,-73.562947,45.514949
G878,406,-73.562947,45.514949
G879,406,-73.562815,45.51489
G880,406,-73.562815,45.51489
G881,406,-73.562734,45.514827
G882,406,-73.562624,45.514801
G883,406,-73.562624,45.514801
G884,406,-73.562489,45.514742
G885,406,-73.562489,45.514742
G886,406,-73.562377,45.51469
G887,406,-73.562296,45.514655
G888,406,-73.562296,45.514655
G889,406,-73.562173,45.514575
G890,406,-73.562141,45.51456
G891,406,-73.562105,45.514564
G800,407,-73.565105,45.515748
G801,407,-73.565076,45.515733
G802,407,-73.565005,45.515704
G803,407,-73.564889,45.515652
G804,407,-73.564889,45.515652
G805,407,-73.564807,45.515617
G806,407,-73.564726,45.51558
G807,407,-73.564619,45.515554
G808,407,-73.564619,45.515554
G809,407,-73.564557,45.515504
G810,407,-73.564441,45.515445
G811,407,-73.564441,45.515445
G813,407,-73.564295,45.515381
G814,407,-73.564175,45.515327
G815,407,-73.564175,45.515327
G816,407,-73.564047,45.515268
G817,407,-73.564047,45.515268
G818,407,-73.563919,45.51521
G819,407,-73.563919,45.51521
G820,407,-73.563789,45.515151
G821,407,-73.563789,45.515151
G822,407,-73.56366,45.515092
G823,407,-73.56366,45.515092
G824,407,-73.563513,45.515053
Q573,408,-73.561689,45.514379
Q574,408,-73.561689,45.514379
Q575,408,-73.56156,45.514321
Q576,408,-73.56156,45.514321
Q577,408,-73.561431,45.514262
Q578,408,-73.561431,45.514262
Q579,408,-73.561367,45.514233
Q580,408,-73.561238,45.514174
Q581,408,-73.561238,45.514174
Q582,408,-73.561108,45.514115
Q583,408,-73.561108,45.514115
Q585,408,-73.560933,45.514038
Q586,408,-73.560933,45.514038
Q587,408,-73.560805,45.513978
Q588,408,-73.560805,45.513978
Q589,408,-73.560683,45.513924
Q590,408,-73.560683,45.513924
Q591,408,-73.560618,45.513895
G828,409,-73.563118,45.514847
G829,409,-73.563118,45.514847
G830,409,-73.562983,45.514785
G838,409,-73.562479,45.514554
G839,409,-73.562403,45.514521
G840,409,-73.562403,45.514521
G841,409,-73.56229,45.51447
G842,409,-73.562229,45.514442
Q619,410,-73.560252,45.513727
Q620,410,-73.560172,45.51369
Q621,410,-73.560097,45.513656
Q622,410,-73.560097,45.513656
Q554,411,-73.561774,45.514235
Q555,411,-73.561774,45.514235
Q556,411,-73.561688,45.514195
Q559,411,-73.561536,45.514125
Q560,411,-73.561419,45.514068
Q561,411,-73.561354,45.514038
Q562,411,-73.561288,45.514009
Q563,411,-73.561288,45.514009
Q564,411,-73.561139,45.513968
Q565,411,-73.561139,45.513968
Q566,411,-73.561023,45.513893
Q567,411,-73.561023,45.513893
Q570,411,-73.560858,45.513816
Q571,411,-73.560724,45.513755
Q572,411,-73.560724,45.513755
Q592,414,-73.56036,45.513584
Q593,414,-73.56036,45.513584
Q594,414,-73.56025,45.513536
Q598,414,-73.560018,45.513435
Q599,414,-73.559873,45.513367
Q600,414,-73.559873,45.513367
Q602,414,-73.559682,45.513282
Q603,414,-73.559585,45.513237
Q604,414,-73.559585,45.513237
Q605,414,-73.559481,45.513189
Q607,414,-73.559367,45.513143
Q608,415,-73.559109,45.513024
Q609,415,-73.559109,45.513024
G658,561,-73.56394,45.514072
G659,561,-73.563956,45.514054
G665,561,-73.563509,45.513876
G666,561,-73.563509,45.513876
G668,561,-73.563245,45.513729
G669,561,-73.563161,45.51369
G670,561,-73.563161,45.51369
G671,561,-73.563017,45.513625
G672,561,-73.563017,45.513625
G673,561,-73.562897,45.51357
G674,561,-73.562897,45.51357
G640,562,-73.564066,45.513965
G642,562,-73.56389,45.513885
G643,562,-73.56389,45.513885
G644,562,-73.563755,45.513824
G645,562,-73.563755,45.513824
G646,562,-73.563623,45.513764
G647,562,-73.563623,45.513764
G651,562,-73.563314,45.513624
G652,562,-73.563314,45.513624
G653,562,-73.56318,45.513563
G654,562,-73.56318,45.513563
G655,562,-73.563046,45.513502
H854,563,-73.562535,45.513418
H855,563,-73.562535,45.513418
H856,563,-73.562391,45.513352
H857,563,-73.562391,45.513352
H860,563,-73.56215,45.513242
H861,563,-73.56215,45.513242
H862,563,-73.562006,45.513176
H864,563,-73.561871,45.513114
H868,563,-73.561578,45.512979
H869,563,-73.561578,45.512979
H870,563,-73.561442,45.512916
H871,563,-73.561442,45.512916
H872,564,-73.561089,45.512742
H873,564,-73.561089,45.512742
H874,564,-73.56096,45.512684
H875,564,-73.56096,45.512684
H876,564,-73.560851,45.512637
H877,564,-73.560787,45.512607
H878,564,-73.560702,45.512566
H879,564,-73.560702,45.512566
H880,564,-73.560574,45.512508
H881,564,-73.560574,45.512508
H882,564,-73.560444,45.512449
H883,564,-73.560444,45.512449
H884,564,-73.560316,45.512389
H885,564,-73.560316,45.512389
H886,564,-73.560188,45.51233
H887,564,-73.560124,45.5123
H888,564,-73.560124,45.5123
H641,574,-73.564598,45.508696
H642,574,-73.564467,45.508639
H643,574,-73.564467,45.508639
H644,574,-73.564315,45.508593
H645,574,-73.564315,45.508593
H646,574,-73.564182,45.508532
H647,574,-73.564182,45.508532
H650,574,-73.564006,45.508438
H654,574,-73.563691,45.508344
H655,574,-73.563691,45.508344
H658,574,-73.563483,45.508252
H659,574,-73.563483,45.508252
H660,574,-73.563355,45.508192
H661,574,-73.563355,45.508192
H662,574,-73.563225,45.508136
H663,574,-73.563225,45.508136
H664,574,-73.563096,45.508076
H665,574,-73.563096,45.508076
H669,574,-73.562775,45.507933
H670,574,-73.562775,45.507933
G725,585,-73.562785,45.513581
G726,585,-73.562716,45.513657
G727,585,-73.562716,45.513657
G728,585,-73.562631,45.513751
G729,585,-73.562631,45.513751
G730,585,-73.562547,45.513846
G731,585,-73.562547,45.513846
G732,585,-73.562463,45.51394
G733,585,-73.562463,45.51394
G734,585,-73.562379,45.514035
G735,585,-73.562379,45.514035
G736,585,-73.562295,45.51413
G737,585,-73.562295,45.51413
G738,585,-73.562211,45.514224
G739,585,-73.562211,45.514224
G740,585,-73.562127,45.514319
G741,585,-73.562127,45.514319
Q402,598,-73.56049,45.513911
Q403,598,-73.560444,45.513959
Q404,598,-73.560444,45.513959
Q405,598,-73.560354,45.514059
Q406,598,-73.560354,45.514059
Q407,598,-73.560263,45.514154
Q408,598,-73.560263,45.514154
Q409,598,-73.56019,45.514233
Q411,598,-73.560107,45.514322
Q412,598,-73.560107,45.514322
Q413,598,-73.560023,45.514412
Q414,598,-73.560023,45.514412
Q415,598,-73.559938,45.514502
Q416,598,-73.559932,45.514509
Q420,599,-73.559492,45.514983
Q421,599,-73.559492,45.514983
Q422,599,-73.55942,45.515063
Q423,599,-73.55936,45.515128
Q424,599,-73.55936,45.515128
Q425,599,-73.559277,45.515219
Q426,599,-73.559277,45.515219
Q427,599,-73.559193,45.51531
Q428,599,-73.559193,45.51531
Q429,599,-73.559151,45.515357
H184,612,-73.566875,45.506473
H185,612,-73.566835,45.506519
H186,612,-73.566835,45.506519
H187,612,-73.566754,45.506611
H188,612,-73.566754,45.506611
H189,612,-73.566674,45.506703
H190,612,-73.566674,45.506703
H198,613,-73.566118,45.50734
H199,613,-73.566118,45.50734
H200,613,-73.566037,45.507432
H201,613,-73.566037,45.507432
H202,613,-73.565957,45.507524
H203,613,-73.565957,45.507524
H204,613,-73.565876,45.507616
H205,613,-73.565876,45.507616
H206,613,-73.565796,45.507708
H207,613,-73.565796,45.507708
H208,613,-73.565715,45.5078
H209,613,-73.565715,45.5078
H210,613,-73.565635,45.507892
H215,613,-73.565434,45.508122
H216,613,-73.565434,45.508122
H217,613,-73.565354,45.508214
H218,613,-73.565354,45.508214
H219,613,-73.565274,45.508306
H220,613,-73.565274,45.508306
H221,613,-73.565193,45.508398
H222,613,-73.565193,45.508398
H223,613,-73.565113,45.50849
H224,613,-73.565113,45.50849
H225,613,-73.565031,45.508582
H226,613,-73.565031,45.508582
H227,613,-73.564951,45.508674
H228,614,-73.564753,45.508898
H229,614,-73.564753,45.508898
H230,614,-73.564673,45.50899
H231,614,-73.564673,45.50899
H232,614,-73.564592,45.509082
H233,614,-73.564592,45.509082
H234,614,-73.564513,45.509174
H235,614,-73.564513,45.509174
H236,614,-73.564433,45.509267
H237,614,-73.564433,45.509267
H238,614,-73.564353,45.509359
H239,614,-73.564353,45.509359
H240,615,-73.564138,45.509606
H241,615,-73.564138,45.509606
H242,615,-73.564057,45.509697
H243,615,-73.564057,45.509697
H244,615,-73.563976,45.509789
H245,616,-73.563747,45.510052
H246,616,-73.563747,45.510052
H247,616,-73.563666,45.510144
H248,616,-73.563666,45.510144
H249,616,-73.563587,45.510236
H250,616,-73.563587,45.510236
H256,617,-73.56325,45.510633
H257,617,-73.56325,45.510633
H258,617,-73.563198,45.510737
H259,617,-73.563198,45.510737
H260,617,-73.563121,45.510829
H261,617,-73.563121,45.510829
H262,617,-73.563043,45.510913
H263,617,-73.562999,45.510963
H264,617,-73.562999,45.510963
H265,617,-73.562928,45.511042
H266,617,-73.562893,45.511082
H267,617,-73.562865,45.511114
H268,618,-73.562696,45.511273
H269,618,-73.562696,45.511273
H270,618,-73.562608,45.51137
H271,618,-73.56261,45.511371
H272,618,-73.562531,45.511461
H273,618,-73.562531,45.511461
H274,618,-73.562451,45.511553
H275,618,-73.562411,45.5116
H276,618,-73.562371,45.511646
H277,618,-73.562371,45.511646
H278,619,-73.562215,45.511869
H279,619,-73.562215,45.511869
H280,619,-73.562103,45.511951
H281,619,-73.562103,45.511951
H282,619,-73.562054,45.512059
H283,619,-73.562054,45.512059
H284,619,-73.561974,45.512148
H285,619,-73.561974,45.512148
H286,620,-73.561808,45.512328
H287,620,-73.561808,45.512328
H288,620,-73.561728,45.512416
H289,620,-73.561728,45.512416
H290,620,-73.561677,45.512478
H291,620,-73.561641,45.512521
H292,620,-73.561582,45.512589
H293,620,-73.561532,45.512648
H294,620,-73.561532,45.512648
H295,620,-73.561475,45.512714
H906,621,-73.561321,45.512929
H907,621,-73.561297,45.512955
H908,621,-73.561248,45.51301
H909,621,-73.561181,45.513095
H910,621,-73.561181,45.513095
H911,621,-73.561127,45.513156
H912,621,-73.561079,45.513211
H913,621,-73.56102,45.513279
H914,621,-73.56102,45.513279
H915,621,-73.56097,45.513337
H916,621,-73.560919,45.513394
H917,621,-73.560867,45.513453
H918,621,-73.560818,45.51351
H919,621,-73.560777,45.513556
H920,621,-73.560777,45.513556
H921,621,-73.560719,45.513623
H922,621,-73.560688,45.513658
K146,890,-73.566015,45.50327
K147,890,-73.566015,45.50327
K148,890,-73.565937,45.503363
K149,890,-73.565937,45.503363
K150,890,-73.56586,45.503456
K158,890,-73.565564,45.503814
K159,890,-73.565564,45.503814
K160,890,-73.565472,45.503918
K161,890,-73.565472,45.503918
K162,890,-73.565393,45.504022
K163,890,-73.565393,45.504022
F454,891,-73.566302,45.503534
F455,891,-73.566222,45.503641
F456,891,-73.566222,45.503641
F457,891,-73.566142,45.503747
F458,891,-73.566142,45.503747
F459,891,-73.566062,45.503851
F460,891,-73.566062,45.503851
F461,891,-73.56598,45.503957
F462,891,-73.56598,45.503957
F463,891,-73.565903,45.504056
F464,891,-73.565903,45.504056
F465,891,-73.565817,45.504162
F466,891,-73.565817,45.504162
F467,891,-73.565738,45.504264
F468,891,-73.565738,45.504264
K165,892,-73.565188,45.504318
K166,892,-73.565188,45.504318
K167,892,-73.565151,45.504365
K168,892,-73.565047,45.504456
K169,892,-73.565013,45.504503
K170,892,-73.565013,45.504503
K171,892,-73.564939,45.504597
K172,892,-73.564939,45.504597
K173,892,-73.564862,45.504691
K174,892,-73.564862,45.504691
K175,892,-73.564825,45.504737
K176,892,-73.564748,45.504834
K177,892,-73.564709,45.504881
K178,892,-73.564709,45.504881
K179,892,-73.564634,45.504978
K180,892,-73.564634,45.504978
F469,893,-73.565596,45.50445
F470,893,-73.565532,45.504531
F473,893,-73.565421,45.504661
F474,893,-73.565421,45.504661
F475,893,-73.565347,45.504755
F476,893,-73.565347,45.504755
F477,893,-73.565283,45.504835
F478,893,-73.565234,45.504897
F479,893,-73.565234,45.504897
F480,893,-73.56515,45.505001
F481,893,-73.56515,45.505001
F482,893,-73.565076,45.505096
F483,893,-73.565076,45.505096
F484,893,-73.565,45.50519
F485,893,-73.565,45.50519
H311,894,-73.564818,45.505433
H312,894,-73.564758,45.505507
H313,894,-73.564758,45.505507
H314,894,-73.564679,45.505602
H315,894,-73.564679,45.505602
H316,894,-73.564601,45.505698
H317,894,-73.564601,45.505698
H318,894,-73.564524,45.505792
H319,894,-73.564524,45.505792
N106,895,-73.564222,45.505502
N107,895,-73.564222,45.505502
N108,895,-73.564155,45.505582
H326,896,-73.564035,45.506377
H327,896,-73.564035,45.506377
H328,896,-73.563998,45.506422
H329,896,-73.563948,45.506476
H330,896,-73.563873,45.50656
H331,896,-73.563873,45.50656
H332,896,-73.563792,45.506651
H333,896,-73.563792,45.506651
H334,896,-73.563711,45.506743
H335,896,-73.563711,45.506743
H336,896,-73.563625,45.506832
H337,896,-73.563625,45.506832
H338,896,-73.563545,45.50692
H351,896,-73.563025,45.507505
H352,896,-73.56296,45.507575
H353,896,-73.56296,45.507575
H354,896,-73.562878,45.507667
H355,896,-73.562878,45.507667
N109,897,-73.56401,45.505767
N110,897,-73.56401,45.505767
N111,897,-73.563929,45.50587
N112,897,-73.563929,45.50587
N113,897,-73.563847,45.505972
N114,897,-73.563847,45.505972
H361,898,-73.562422,45.508145
H362,898,-73.562366,45.508208
H363,898,-73.562366,45.508208
H364,898,-73.562274,45.508311
H365,898,-73.562274,45.508311
N122,899,-73.563353,45.506531
N123,899,-73.563353,45.506531
N124,899,-73.563272,45.506623
N125,899,-73.563272,45.506623
N126,899,-73.563191,45.506714
N127,899,-73.563191,45.506714
N128,899,-73.563109,45.506806
N129,899,-73.563109,45.506806
N130,899,-73.563028,45.506897
N131,899,-73.563028,45.506897
N132,899,-73.562947,45.506989
N133,899,-73.562947,45.506989
N134,899,-73.56286,45.507079
N135,899,-73.56286,45.507079
N136,899,-73.562779,45.50717
N137,899,-73.562779,45.50717
N138,899,-73.562697,45.507261
N139,899,-73.562697,45.507261
N140,899,-73.562606,45.507362
N141,899,-73.562606,45.507362
N142,899,-73.562518,45.507462
N143,899,-73.562518,45.507462
N144,901,-73.562266,45.507739
N145,901,-73.562266,45.507739
N146,901,-73.562185,45.507831
N147,901,-73.562185,45.507831
N148,901,-73.562105,45.507916
N149,901,-73.562061,45.507967
N150,901,-73.562061,45.507967
H368,902,-73.561253,45.509496
H369,902,-73.561253,45.509496
H370,902,-73.56116,45.509597
H371,902,-73.56116,45.509597
H372,902,-73.561067,45.509698
H373,902,-73.561067,45.509698
H376,902,-73.560906,45.509874
H377,902,-73.560906,45.509874
H378,902,-73.560813,45.509975
H379,902,-73.560813,45.509975
H380,902,-73.560721,45.510077
H381,902,-73.560721,45.510077
N165,903,-73.561248,45.508864
N166,903,-73.561248,45.508864
N167,903,-73.561177,45.50896
N168,903,-73.561177,45.50896
N169,903,-73.561106,45.509057
N170,903,-73.561106,45.509057
H386,904,-73.560444,45.510476
H387,904,-73.560444,45.510476
H388,904,-73.560339,45.510578
H389,904,-73.560339,45.510578
H390,904,-73.560289,45.510696
H391,904,-73.560289,45.510696
N172,905,-73.5609,45.509324
N173,905,-73.5609,45.509324
N174,905,-73.560805,45.509427
N175,905,-73.560805,45.509427
N182,905,-73.560492,45.509768
N183,905,-73.560492,45.509768
N184,905,-73.560401,45.509868
N185,905,-73.560401,45.509868
N186,905,-73.560334,45.50994
N187,907,-73.560187,45.510123
N188,907,-73.560187,45.510123
N189,907,-73.560112,45.510231
N190,907,-73.560112,45.510231
N191,907,-73.560046,45.510323
H392,908,-73.559693,45.511369
H393,908,-73.559651,45.511415
H394,908,-73.559651,45.511415
H395,908,-73.559568,45.511505
H396,908,-73.559568,45.511505
H397,908,-73.559475,45.511606
H398,908,-73.559475,45.511606
H399,908,-73.559381,45.511707
H400,908,-73.559381,45.511707
N197,909,-73.559731,45.510737
N198,909,-73.559731,45.510737
N199,909,-73.559669,45.510806
N202,909,-73.559544,45.510942
N203,909,-73.559544,45.510942
N204,909,-73.559481,45.511012
H923,910,-73.559173,45.511943
H924,910,-73.559109,45.512013
H925,910,-73.559065,45.512059
H926,910,-73.559065,45.512059
H927,910,-73.558978,45.512148
H928,910,-73.558978,45.512148
H932,910,-73.558768,45.512345
H933,910,-73.558768,45.512345
H934,910,-73.558689,45.512431
H935,910,-73.558689,45.512431
H936,910,-73.558606,45.512523
H937,910,-73.558606,45.512523
H938,910,-73.558524,45.512613
H939,910,-73.558524,45.512613
H940,910,-73.558482,45.51266
N700,912,-73.558768,45.511785
N701,912,-73.558768,45.511785
N702,912,-73.558676,45.511887
N703,912,-73.558676,45.511887
N704,912,-73.558585,45.51199
N705,912,-73.558585,45.51199
N706,912,-73.558493,45.512092
N707,912,-73.558493,45.512092
N708,912,-73.558402,45.512194
N709,912,-73.558402,45.512194
N710,912,-73.558334,45.51227
Q472,913,-73.55804,45.513182
Q473,913,-73.557996,45.51323
Q474,913,-73.557933,45.5133
Q475,913,-73.557933,45.5133
Q476,913,-73.557842,45.5134
Q477,913,-73.557842,45.5134
Q478,913,-73.557752,45.513498
Q479,913,-73.557752,45.513498
N718,914,-73.557956,45.512723
N719,914,-73.557874,45.512782
N720,914,-73.557831,45.512828
N721,914,-73.557824,45.512866
Q485,915,-73.557123,45.51416
Q486,915,-73.557123,45.51416
Q487,915,-73.557044,45.514254
Q488,915,-73.557044,45.514254
Q489,915,-73.556966,45.514351
Q490,915,-73.556966,45.514351
N723,916,-73.55769,45.512988
N724,916,-73.55769,45.512988
N725,916,-73.557607,45.513079
N726,916,-73.557607,45.513079
N727,916,-73.557565,45.513125
G187,1378,-73.569258,45.507934
G188,1378,-73.569258,45.507934
G190,1378,-73.569111,45.508098
G191,1378,-73.569061,45.508117
G192,1378,-73.569027,45.508155
G193,1378,-73.569026,45.508194
G194,1378,-73.568982,45.508244
G196,1378,-73.568901,45.508329
G197,1379,-73.56928,45.507577
G198,1379,-73.56928,45.507577
G199,1379,-73.5692,45.507669
G200,1379,-73.5692,45.507669
G201,1379,-73.569119,45.507761
G202,1379,-73.569119,45.507761
G203,1379,-73.569038,45.507852
G204,1379,-73.569038,45.507852
PA149,1417,-73.5721,45.507256
PA150,1417,-73.5721,45.507256
PA154,1417,-73.571958,45.507494
PA155,1417,-73.571958,45.507494
PA156,1417,-73.571894,45.507602
PA157,1417,-73.571894,45.507602
PA171,1419,-73.571593,45.508103
PA172,1419,-73.571593,45.508103
PA173,1419,-73.571537,45.508194
PA174,1419,-73.571502,45.508251
PA175,1419,-73.571502,45.508251
E265,1420,-73.572097,45.506711
E266,1420,-73.572056,45.506781
E267,1420,-73.572056,45.506781
E268,1420,-73.571999,45.506872
E270,1420,-73.571958,45.506941
E290,1420,-73.571352,45.507956
G675,1436,-73.56566,45.514892
G676,1436,-73.565626,45.514998
G677,1436,-73.565626,45.514998
G678,1436,-73.565591,45.515108
G679,1436,-73.565591,45.515108
G680,1436,-73.565556,45.515225
G681,1436,-73.565556,45.515225
G682,1436,-73.565538,45.515288
G683,1436,-73.565502,45.515397
G684,1436,-73.565502,45.515397
G692,1437,-73.565474,45.514873
G693,1437,-73.565481,45.514948
G694,1437,-73.565481,45.514948
G695,1437,-73.565419,45.515053
G696,1437,-73.565419,45.515053
G697,1437,-73.565402,45.515109
G685,1438,-73.565428,45.51562
G686,1438,-73.565428,45.51562
G688,1438,-73.565417,45.515748
G689,1438,-73.565417,45.515748
G690,1438,-73.565358,45.515833
G698,1439,-73.565317,45.515344
G699,1439,-73.565317,45.515344
G700,1439,-73.56529,45.515423
G701,1439,-73.565268,45.515502
G702,1439,-73.565268,45.515502
G279,1457,-73.567198,45.510521
G280,1457,-73.567152,45.510618
G281,1457,-73.567147,45.510629
G282,1457,-73.567104,45.510719
G286,1458,-73.567192,45.510111
G287,1458,-73.567148,45.510192
G288,1458,-73.567122,45.510243
G289,1458,-73.567087,45.510314
G290,1458,-73.567087,45.510314
G291,1458,-73.567038,45.510416
G292,1458,-73.567038,45.510416
G293,1458,-73.566989,45.510515
G294,1458,-73.566989,45.510515
G301,1461,-73.566718,45.511756
G302,1462,-73.566619,45.511371
G303,1462,-73.566619,45.511371
G304,1462,-73.566595,45.511449
G306,1462,-73.56655,45.511588
G307,1462,-73.56653,45.511646
G308,1462,-73.56653,45.511646
G315,1463,-73.566537,45.512319
G316,1463,-73.566537,45.512319
G317,1463,-73.566511,45.512399
G319,1463,-73.566465,45.512542
G320,1463,-73.566465,45.512542
G321,1463,-73.566429,45.512648
G322,1463,-73.566429,45.512648
G323,1463,-73.566407,45.512715
G355,1464,-73.566443,45.511906
G356,1464,-73.566443,45.511906
G357,1464,-73.566408,45.512015
G358,1464,-73.566408,45.512015
G359,1464,-73.566372,45.512124
G360,1464,-73.566372,45.512124
G361,1464,-73.566346,45.512202
G362,1464,-73.566327,45.512263
G363,1464,-73.566301,45.512341
G364,1464,-73.566301,45.512341
G365,1464,-73.566265,45.51245
G366,1464,-73.566265,45.51245
G367,1464,-73.566229,45.512559
G368,1464,-73.566229,45.512559
G372,1464,-73.566156,45.512781
G373,1464,-73.566123,45.51288
G374,1464,-73.566123,45.51288
G375,1464,-73.566088,45.512989
G376,1464,-73.566088,45.512989
G377,1464,-73.566058,45.51308
G385,1464,-73.565913,45.513528
G386,1464,-73.565913,45.513528
G387,1464,-73.565877,45.513639
G388,1464,-73.565877,45.513639
G389,1464,-73.565842,45.513749
G390,1464,-73.565842,45.513749
G391,1464,-73.565805,45.51386
G392,1464,-73.565805,45.51386
G393,1464,-73.56577,45.51397
G394,1464,-73.56577,45.51397
G397,1464,-73.565711,45.514151
G398,1464,-73.565711,45.514151
G400,1464,-73.565643,45.514359
G401,1464,-73.565643,45.514359
G402,1464,-73.56561,45.514464
G403,1464,-73.56561,45.514464
G404,1464,-73.565576,45.514569
G405,1464,-73.565576,45.514569
G324,1465,-73.566324,45.512942
G327,1465,-73.566271,45.513107
G328,1465,-73.566271,45.513107
G330,1465,-73.566238,45.513209
G331,1465,-73.566208,45.513302
G332,1465,-73.566208,45.513302
G333,1465,-73.566183,45.513378
G334,1466,-73.5661,45.513651
G335,1466,-73.5661,45.513651
G344,1466,-73.565917,45.514223
G345,1466,-73.565917,45.514223
G346,1466,-73.565883,45.514328
G347,1466,-73.565883,45.514328
G348,1466,-73.565867,45.514381
G351,1466,-73.56579,45.514618
G352,1466,-73.56579,45.514618
G353,1466,-73.565761,45.514706
H845,1512,-73.561987,45.513042
H846,1512,-73.561867,45.512984
H847,1512,-73.561867,45.512984
H850,1512,-73.561638,45.512881
H851,1512,-73.561638,45.512881
H852,1512,-73.561509,45.512822
H853,1512,-73.561509,45.512822
H838,1529,-73.56259,45.513294
H839,1529,-73.562465,45.513238
H840,1529,-73.562465,45.513238
H842,1529,-73.562253,45.513142
H843,1529,-73.562253,45.513142
G718,1559,-73.563539,45.514684
G719,1559,-73.563496,45.514729
G720,1559,-73.563496,45.514729
G721,1559,-73.563415,45.514821
G722,1559,-73.563415,45.514821
G723,1559,-73.563371,45.514871
H807,1567,-73.562,45.511687
H808,1567,-73.562,45.511687
H809,1567,-73.561917,45.511649
H814,1567,-73.561623,45.511515
H815,1567,-73.561519,45.511469
H816,1567,-73.561519,45.511469
H778,1568,-73.562092,45.511591
H779,1568,-73.562092,45.511591
H780,1568,-73.561963,45.511533
H781,1568,-73.561963,45.511533
H782,1568,-73.561894,45.511508
G102,1592,-73.57106,45.508463
G103,1592,-73.571027,45.508522
G104,1592,-73.571027,45.508522
G105,1592,-73.570982,45.508601
G106,1592,-73.570966,45.508634
G107,1592,-73.570925,45.508713
G108,1592,-73.570895,45.508776
G109,1592,-73.570895,45.508776
G110,1592,-73.570848,45.508871
G144,1593,-73.570605,45.509429
G145,1593,-73.570605,45.509429
G146,1593,-73.57056,45.50954
G147,1593,-73.57056,45.50954
G148,1593,-73.570514,45.50965
G149,1593,-73.570514,45.50965
G150,1593,-73.570492,45.509706
G151,1593,-73.570453,45.509782
G152,1593,-73.570431,45.509834
G153,1593,-73.570394,45.509918
G155,1593,-73.570353,45.510014
G156,1593,-73.57032,45.510089
G157,1593,-73.57032,45.510089
G158,1593,-73.570295,45.510144
G159,1593,-73.570251,45.51025
G160,1593,-73.570251,45.51025
G164,1593,-73.570141,45.5105
G165,1593,-73.570141,45.5105
G166,1593,-73.570121,45.510608
G167,1593,-73.570121,45.510608
PA190,1595,-73.57079,45.509732
PA191,1595,-73.570747,45.509828
PA192,1595,-73.570747,45.509828
PA202,1596,-73.570594,45.510184
PA203,1596,-73.570551,45.51028
PA204,1596,-73.570529,45.510332
PA205,1596,-73.570529,45.510332
PA206,1596,-73.570483,45.510435
PA207,1596,-73.570483,45.510435
PA208,1596,-73.570438,45.510538
PA209,1596,-73.570438,45.510538
PA210,1596,-73.570393,45.510641
PA211,1596,-73.570393,45.510641
PA213,1596,-73.570335,45.510772
PA214,1596,-73.570308,45.510822
PA215,1596,-73.570267,45.510919
PA216,1596,-73.570267,45.510919
PA217,1596,-73.570232,45.511025
PA218,1596,-73.570232,45.511025
G617,1622,-73.566367,45.511798
G619,1622,-73.566226,45.511731
G620,1622,-73.566226,45.511731
G621,1622,-73.566162,45.511702
G622,1622,-73.566033,45.511643
G623,1622,-73.566033,45.511643
G624,1622,-73.565969,45.511613
G625,1622,-73.56584,45.511555
G626,1622,-73.56584,45.511555
G627,1622,-73.565711,45.511496
G628,1622,-73.565711,45.511496
G629,1622,-73.565583,45.511437
G630,1622,-73.565583,45.511437
G631,1622,-73.565454,45.511378
G632,1622,-73.565454,45.511378
G633,1622,-73.565325,45.511319
G634,1622,-73.565325,45.511319
G637,1622,-73.565112,45.511221
G638,1622,-73.565112,45.511221
G639,1622,-73.565043,45.511189
G595,1623,-73.566436,45.511681
G596,1623,-73.566436,45.511681
G597,1623,-73.566333,45.511633
G599,1623,-73.566128,45.511541
G600,1623,-73.566128,45.511541
G602,1623,-73.566008,45.511484
G603,1623,-73.565897,45.511434
G604,1623,-73.565897,45.511434
G612,1623,-73.565315,45.511171
G613,1623,-73.565315,45.511171
G616,1623,-73.56512,45.511081
H758,1624,-73.564618,45.510853
H759,1624,-73.564618,45.510853
H762,1624,-73.564391,45.510751
H768,1625,-73.564674,45.511022
H769,1625,-73.564674,45.511022
H770,1625,-73.564553,45.510968
H772,1625,-73.564393,45.510896
H773,1625,-73.564393,45.510896
G174,1686,-73.567982,45.512002
G175,1686,-73.567982,45.512002
G176,1686,-73.567954,45.512109
G177,1686,-73.567954,45.512109
G178,1686,-73.567929,45.512216
G179,1686,-73.567929,45.512216
G180,1686,-73.567905,45.512297
H301,2020,-73.562354,45.509651
H302,2020,-73.562354,45.509651
H303,2020,-73.562301,45.509711
Q461,2028,-73.559458,45.512933
Q462,2028,-73.559458,45.512933
Q463,2028,-73.559374,45.513023
Q464,2028,-73.559374,45.513023
H307,2031,-73.561861,45.509342
H308,2031,-73.561861,45.509342
H309,2031,-73.561782,45.509435
H310,2031,-73.561782,45.509435
H168,2034,-73.56266,45.512274
H169,2034,-73.56266,45.512274
H172,2034,-73.562587,45.512419
G444,2038,-73.570604,45.509315
G446,2038,-73.570438,45.509239
G447,2038,-73.570438,45.509239
G448,2038,-73.57037,45.509208
G451,2038,-73.570176,45.509117
G452,2038,-73.57008,45.509071
G453,2038,-73.57008,45.509071
G454,2038,-73.569947,45.509009
G455,2038,-73.569947,45.509009
G456,2038,-73.569814,45.508946
G457,2038,-73.569814,45.508946
G458,2038,-73.569682,45.508883
G459,2038,-73.569618,45.508854
G460,2038,-73.569618,45.508854
G462,2038,-73.569426,45.508763
G463,2038,-73.569426,45.508763
G464,2038,-73.569317,45.508713
H173,2039,-73.562419,45.512615
H174,2039,-73.562411,45.51266
H175,2039,-73.56239,45.512682
H176,2039,-73.562335,45.512706
H177,2039,-73.562251,45.512796
H178,2039,-73.562251,45.512796
H179,2039,-73.562167,45.512886
H180,2039,-73.562167,45.512886
H181,2039,-73.562083,45.512976
H182,2039,-73.562083,45.512976
S604,2276,-73.566547,45.518576
S605,2276,-73.566547,45.518576
S606,2276,-73.566502,45.518679
S608,2276,-73.566463,45.518765
G893,2284,-73.565407,45.514728
G894,2284,-73.565329,45.51469
G895,2284,-73.565329,45.51469
H946,2375,-73.566747,45.506417
H947,2375,-73.566747,45.506417
H948,2375,-73.566666,45.506509
H949,2375,-73.566666,45.506509
H950,2375,-73.566585,45.506601
H951,2375,-73.566585,45.506601
H952,2375,-73.566505,45.506693
H953,2375,-73.566505,45.506693
H956,2375,-73.566344,45.506877
H957,2375,-73.566344,45.506877
H958,2375,-73.566263,45.506969
H959,2375,-73.566263,45.506969
G896,2578,-73.564921,45.511195
G897,2578,-73.564851,45.511276
G898,2578,-73.564851,45.511276
G899,2578,-73.56477,45.511368
G900,2578,-73.56477,45.511368
G901,2578,-73.56469,45.511459
G902,2578,-73.56469,45.511459
G903,2578,-73.564606,45.511555
G904,2578,-73.564606,45.511555
G905,2578,-73.564527,45.511643
G906,2578,-73.564527,45.511643
G932,2578,-73.563462,45.512829
G933,2578,-73.563389,45.51291
G934,2578,-73.563389,45.51291
G935,2578,-73.563305,45.513005
G936,2578,-73.563305,45.513005
G937,2578,-73.56322,45.513099
G938,2578,-73.56322,45.513099
G939,2578,-73.563138,45.513191
G940,2578,-73.563138,45.513191
G941,2578,-73.563051,45.513288
G942,2578,-73.563051,45.513288
G943,2578,-73.562967,45.513383
G944,2578,-73.562967,45.513383
H960,2592,-73.568071,45.507017
H961,2592,-73.568071,45.507017
H962,2592,-73.567983,45.50711
H963,2592,-73.567983,45.50711
H964,2592,-73.567894,45.507203
H965,2592,-73.567894,45.507203
H966,2592,-73.567852,45.507251
H967,2593,-73.567912,45.506942
H968,2593,-73.567912,45.506942
H969,2593,-73.567823,45.507035
H970,2593,-73.567823,45.507035
H971,2593,-73.567736,45.507127
H972,2593,-73.567736,45.507127
H973,2593,-73.567691,45.507174
H974,2594,-73.568421,45.507636
H975,2594,-73.568421,45.507636
H976,2594,-73.568293,45.507577
H977,2594,-73.568293,45.507577
H978,2594,-73.568166,45.507517
H979,2594,-73.568166,45.507517
H980,2594,-73.568039,45.507457
H981,2594,-73.568039,45.507457
H982,2594,-73.567911,45.507397
H983,2594,-73.567911,45.507397
H985,2595,-73.567545,45.507226
H986,2595,-73.567545,45.507226
H987,2595,-73.567417,45.507166
H988,2595,-73.567417,45.507166
H989,2595,-73.567289,45.507106
H990,2595,-73.567289,45.507106
H991,2595,-73.567162,45.507046
H992,2595,-73.567162,45.507046
H995,2595,-73.566906,45.506926
H996,2595,-73.566906,45.506926
H997,2595,-73.566779,45.506866
H998,2595,-73.566779,45.506866
H414,2601,-73.567879,45.506838
H415,2601,-73.567879,45.506838
H416,2601,-73.567745,45.506774
H417,2601,-73.567745,45.506774
H418,2601,-73.567621,45.50671
H419,2601,-73.567621,45.50671
H420,2601,-73.567513,45.506634
H423,2601,-73.567345,45.506586
H424,2601,-73.567246,45.506538
H425,2601,-73.567246,45.506538
H426,2601,-73.567145,45.506488
H427,2601,-73.567074,45.506429
H428,2601,-73.567074,45.506429
F953,2612,-73.56862,45.504245
F954,2612,-73.568556,45.504359
F955,2612,-73.568556,45.504359
F959,2612,-73.568356,45.504531
F960,2612,-73.568356,45.504531
F961,2612,-73.568272,45.504624
F963,2612,-73.568197,45.504705
F965,2612,-73.568125,45.504787
F966,2612,-73.568114,45.504847
F967,2612,-73.568114,45.504847
F968,2612,-73.568006,45.504921
F969,2612,-73.568006,45.504921
F970,2612,-73.567926,45.505012
F971,2612,-73.567926,45.505012
F972,2612,-73.567841,45.505107
F973,2612,-73.567841,45.505107
F974,2612,-73.567793,45.505163
F975,2612,-73.567738,45.505224
Q007,2613,-73.560953,45.513018
Q008,2613,-73.560953,45.513018
Q010,2613,-73.560866,45.51317
Q011,2613,-73.560866,45.51317
Q012,2613,-73.560787,45.513261
Q013,2613,-73.560787,45.513261
Q014,2613,-73.560744,45.51331
Q015,2613,-73.560667,45.5134
Q016,2613,-73.560621,45.513453
Q017,2613,-73.560621,45.513453
Q018,2613,-73.560535,45.513552
Q019,2613,-73.560535,45.513552
F977,2618,-73.567571,45.505427
F978,2618,-73.567571,45.505427
F979,2618,-73.567525,45.505478
F980,2618,-73.567452,45.505561
F981,2618,-73.567452,45.505561
F982,2618,-73.567407,45.505614
F983,2618,-73.567363,45.505663
F985,2618,-73.567293,45.505785
F986,2618,-73.567293,45.505785
F987,2618,-73.567187,45.505866
F988,2618,-73.567187,45.505866
F989,2618,-73.567119,45.505942
F990,2618,-73.567083,45.505984
F991,2618,-73.567042,45.50603
F992,2618,-73.567004,45.506074
F993,2618,-73.566962,45.506123
F994,2618,-73.566915,45.506176
F001,2619,-73.569535,45.505233
F004,2619,-73.56933,45.505136
F005,2619,-73.569215,45.505082
F006,2619,-73.569215,45.505082
F010,2619,-73.568854,45.504926
F011,2619,-73.568854,45.504926
F012,2619,-73.568791,45.504895
F013,2619,-73.568663,45.504835
F014,2619,-73.568663,45.504835
F015,2619,-73.568586,45.504799
H066,2626,-73.563184,45.510431
H067,2626,-73.563184,45.510431
H068,2626,-73.56314,45.510526
H069,2626,-73.563093,45.510582
H070,2626,-73.563093,45.510582
H071,2626,-73.56298,45.51066
H072,2626,-73.56298,45.51066
H076,2627,-73.562828,45.510857
H077,2627,-73.562774,45.510918
H078,2627,-73.562774,45.510918
H082,2628,-73.562551,45.511209
H083,2628,-73.562551,45.511209
H084,2628,-73.562471,45.511301
H085,2628,-73.562471,45.511301
H086,2628,-73.562391,45.511393
H087,2628,-73.562391,45.511393
H088,2628,-73.562311,45.511485
H089,2628,-73.562311,45.511485
H090,2628,-73.562231,45.511577
H091,2628,-73.562231,45.511577
H019,2716,-73.565298,45.508065
H020,2716,-73.565298,45.508065
H023,2716,-73.565136,45.508248
H024,2716,-73.565136,45.508248
H025,2716,-73.565056,45.50834
H026,2716,-73.565056,45.50834
H027,2716,-73.564975,45.508432
H028,2716,-73.564975,45.508432
H029,2716,-73.564895,45.508524
H030,2716,-73.564895,45.508524
H031,2716,-73.564815,45.508616
H052,2717,-73.563922,45.509639
H053,2717,-73.563922,45.509639
H054,2717,-73.563841,45.509731
H056,2718,-73.563613,45.509993
H059,2718,-73.563491,45.51013
H060,2718,-73.563491,45.51013
H061,2718,-73.563412,45.510223
Q022,2719,-73.560258,45.513849
Q023,2719,-73.560189,45.513884
Q024,2719,-73.560189,45.513884
Q025,2719,-73.560113,45.513978
Q026,2719,-73.560113,45.513978
Q027,2719,-73.560038,45.514072
Q028,2719,-73.560038,45.514072
Q038,2720,-73.559431,45.514762
Q039,2720,-73.559431,45.514762
Q040,2720,-73.559342,45.514857
Q041,2720,-73.559342,45.514857
Q042,2721,-73.559166,45.515053
Q043,2721,-73.559166,45.515053
Q044,2721,-73.559082,45.515145
Q045,2721,-73.559082,45.515145
G951,2732,-73.568732,45.507636
G952,2732,-73.568732,45.507636
G955,2732,-73.568625,45.507848
G956,2732,-73.568625,45.507848
G957,2732,-73.56857,45.507958
G958,2732,-73.56857,45.507958
PB391,2770,-73.569399,45.512949
PC572,2771,-73.569242,45.513291
PC573,2771,-73.569217,45.51335
PC574,2771,-73.569217,45.51335
PC575,2771,-73.569172,45.513451
PC576,2771,-73.569172,45.513451
PC579,2772,-73.569038,45.513751
PC580,2772,-73.569038,45.513751
PC581,2772,-73.569002,45.513828
PC586,2773,-73.568861,45.514144
PC587,2773,-73.56881,45.514255
PC588,2773,-73.56881,45.514255
PC589,2773,-73.56876,45.51437
PC590,2773,-73.56876,45.51437
PC591,2773,-73.568711,45.514479
PC592,2773,-73.568711,45.514479
PC599,2774,-73.568267,45.515454
PC600,2774,-73.56823,45.51554
PC601,2774,-73.56823,45.51554
PC602,2774,-73.568185,45.515641
PC603,2774,-73.568185,45.515641
PC604,2774,-73.568139,45.515742
PC605,2774,-73.568139,45.515742
PC609,2774,-73.568009,45.515975
PC613,2774,-73.567935,45.516197
PC614,2774,-73.567935,45.516197
PC615,2774,-73.567887,45.516305
PC616,2774,-73.567887,45.516305
PC617,2774,-73.567838,45.516413
PC618,2774,-73.567838,45.516413
PC619,2774,-73.567789,45.516521
PC620,2774,-73.567789,45.516521
PC621,2774,-73.567743,45.516623
PC622,2774,-73.567743,45.516623
PC623,2774,-73.567697,45.516726
PC624,2774,-73.567697,45.516726
PC625,2774,-73.567663,45.516803
PC629,2775,-73.566956,45.518365
PC630,2775,-73.566915,45.518453
PC631,2775,-73.566915,45.518453
PC635,2775,-73.566805,45.518694
PC638,2775,-73.566734,45.518853
PC639,2775,-73.566713,45.518903
Q067,2781,-73.561128,45.512644
Q068,2781,-73.561128,45.512644
Q069,2781,-73.560989,45.512579
Q070,2781,-73.560989,45.512579
Q073,2781,-73.560765,45.512476
Q074,2781,-73.560765,45.512476
Q075,2781,-73.560697,45.512443
Q078,2781,-73.560477,45.512343
Q079,2781,-73.560396,45.512307
Q080,2781,-73.560396,45.512307
Q081,2781,-73.560256,45.512244
Q082,2781,-73.560256,45.512244
Q083,2781,-73.560117,45.512179
Q084,2781,-73.560117,45.512179
Q086,2781,-73.559955,45.512106
Q087,2781,-73.55988,45.512072
Q088,2781,-73.55988,45.512072
Q089,2781,-73.55975,45.512014
Q090,2781,-73.55975,45.512014
N982,2821,-73.561932,45.509696
N983,2821,-73.561932,45.509696
N984,2821,-73.561803,45.509637
N985,2821,-73.561803,45.509637
N986,2821,-73.561684,45.509585
G963,2874,-73.566873,45.511877
G964,2874,-73.566801,45.511844
G965,2874,-73.56674,45.511814
PB400,2918,-73.569952,45.511677
PB401,2918,-73.569952,45.511677
PB402,2918,-73.569908,45.511778
PB403,2918,-73.569908,45.511778
PB404,2918,-73.569864,45.511877
PB405,2918,-73.569864,45.511877
PB412,2919,-73.569645,45.512401
PB413,2919,-73.569645,45.512401
