NoTroncon;CenterLongitude;CenterLatitude;EmplacementCount;sNoEmplacement;longitude;latitude
1;-73.570339;45.507996;17;G406;-73.571028;45.508322
1;-73.570339;45.507996;17;G408;-73.570925;45.508272999999996
1;-73.570339;45.507996;17;G409;-73.57088900000001;45.508256
1;-73.570339;45.507996;17;G411;-73.57072099999999;45.508175
1;-73.570339;45.507996;17;G412;-73.570619;45.50813
1;-73.570339;45.507996;17;G413;-73.570619;45.50813
1;-73.570339;45.507996;17;G414;-73.570491;45.508069
1;-73.570339;45.507996;17;G415;-73.570491;45.508069
1;-73.570339;45.507996;17;G416;-73.570361;45.508007
1;-73.570339;45.507996;17;G417;-73.570361;45.508007
1;-73.570339;45.507996;17;G418;-73.570252;45.507958
1;-73.570339;45.507996;17;G421;-73.570054;45.507862
1;-73.570339;45.507996;17;G422;-73.570054;45.507862
1;-73.570339;45.507996;17;G423;-73.569917;45.507794
1;-73.570339;45.507996;17;G427;-73.569693;45.507686
1;-73.570339;45.507996;17;G428;-73.569693;45.507686
1;-73.570339;45.507996;17;G429;-73.56959300000001;45.50764
2;-73.570659;45.507961;10;E810;-73.571088;45.508165999999996
2;-73.570659;45.507961;10;E811;-73.571088;45.508165999999996
2;-73.570659;45.507961;10;E814;-73.57084;45.508046
2;-73.570659;45.507961;10;E815;-73.57084;45.508046
2;-73.570659;45.507961;10;E818;-73.570613;45.507940999999995
2;-73.570659;45.507961;10;E819;-73.570545;45.507907
2;-73.570659;45.507961;10;E820;-73.570477;45.507876
2;-73.570659;45.507961;10;E821;-73.570412;45.507844
2;-73.570659;45.507961;10;E822;-73.570341;45.507809
2;-73.570659;45.507961;10;E823;-73.570341;45.507809
3;-73.569128;45.507425;6;G430;-73.569251;45.507484999999996
3;-73.569128;45.507425;6;G431;-73.569251;45.507484999999996
3;-73.569128;45.507425;6;G432;-73.569125;45.507424
3;-73.569128;45.507425;6;G433;-73.569125;45.507424
3;-73.569128;45.507425;6;G434;-73.569048;45.507385
3;-73.569128;45.507425;6;G435;-73.568966;45.507348
4;-73.569857;45.507581;5;E825;-73.569952;45.507626
4;-73.569857;45.507581;5;E826;-73.569952;45.507626
4;-73.569857;45.507581;5;E827;-73.569819;45.507563
4;-73.569857;45.507581;5;E828;-73.569819;45.507563
4;-73.569857;45.507581;5;E829;-73.56974100000001;45.507526
5;-73.568403;45.507083;8;H402;-73.568596;45.507172
5;-73.568403;45.507083;8;H403;-73.568596;45.507172
5;-73.568403;45.507083;8;H404;-73.568466;45.507112
5;-73.568403;45.507083;8;H405;-73.568466;45.507112
5;-73.568403;45.507083;8;H406;-73.568339;45.507053000000006
5;-73.568403;45.507083;8;H407;-73.568339;45.507053000000006
5;-73.568403;45.507083;8;H408;-73.568212;45.506993
5;-73.568403;45.507083;8;H409;-73.568212;45.506993
6;-73.568496;45.506965;8;F856;-73.568721;45.507071
6;-73.568496;45.506965;8;F857;-73.568637;45.507031
6;-73.568496;45.506965;8;F858;-73.568637;45.507031
6;-73.568496;45.506965;8;F859;-73.568505;45.506969
6;-73.568496;45.506965;8;F860;-73.568435;45.506935999999996
6;-73.568496;45.506965;8;F861;-73.568435;45.506935999999996
6;-73.568496;45.506965;8;F862;-73.568299;45.506871999999994
6;-73.568496;45.506965;8;F863;-73.568299;45.506871999999994
7;-73.565795;45.505848;23;H429;-73.56671999999999;45.506288
7;-73.565795;45.505848;23;H430;-73.56671999999999;45.506288
7;-73.565795;45.505848;23;H431;-73.56659300000001;45.506228
7;-73.565795;45.505848;23;H432;-73.566524;45.506194
7;-73.565795;45.505848;23;H433;-73.566456;45.506161999999996
7;-73.565795;45.505848;23;H434;-73.566381;45.506126
7;-73.565795;45.505848;23;H435;-73.566381;45.506126
7;-73.565795;45.505848;23;H437;-73.56624599999999;45.506060999999995
7;-73.565795;45.505848;23;H440;-73.56602099999999;45.505953000000005
7;-73.565795;45.505848;23;H441;-73.56602099999999;45.505953000000005
7;-73.565795;45.505848;23;H444;-73.565773;45.505843
7;-73.565795;45.505848;23;H445;-73.565759;45.505835999999995
7;-73.565795;45.505848;23;H446;-73.565637;45.505774
7;-73.565795;45.505848;23;H447;-73.56557099999999;45.505738
7;-73.565795;45.505848;23;H448;-73.56557099999999;45.505738
7;-73.565795;45.505848;23;H451;-73.565318;45.50562
7;-73.565795;45.505848;23;H452;-73.565278;45.505601
7;-73.565795;45.505848;23;H453;-73.565178;45.505556
7;-73.565795;45.505848;23;H454;-73.565178;45.505556
7;-73.565795;45.505848;23;H455;-73.565051;45.505495
7;-73.565795;45.505848;23;H456;-73.565051;45.505495
7;-73.565795;45.505848;23;H457;-73.564924;45.505433000000004
7;-73.565795;45.505848;23;H458;-73.564924;45.505433000000004
8;-73.56792;45.506694;2;F865;-73.56792;45.506694
8;-73.56792;45.506694;2;F866;-73.56792;45.506694
10;-73.566733;45.506118;5;F879;-73.566841;45.506168
10;-73.566733;45.506118;5;F880;-73.56675600000001;45.506128000000004
10;-73.566733;45.506118;5;F881;-73.56675600000001;45.506128000000004
10;-73.566733;45.506118;5;F882;-73.566687;45.506097
10;-73.566733;45.506118;5;F883;-73.56662299999999;45.506067
12;-73.565881;45.505707;14;F886;-73.566385;45.505946
12;-73.565881;45.505707;14;F887;-73.566385;45.505946
12;-73.565881;45.505707;14;F888;-73.56623499999999;45.505875
12;-73.565881;45.505707;14;F889;-73.56623499999999;45.505875
12;-73.565881;45.505707;14;F890;-73.566122;45.505821000000005
12;-73.565881;45.505707;14;F891;-73.56608100000001;45.505809
12;-73.565881;45.505707;14;F894;-73.565864;45.505701
12;-73.565881;45.505707;14;F895;-73.56576700000001;45.505656
12;-73.565881;45.505707;14;F896;-73.565679;45.505609
12;-73.565881;45.505707;14;F897;-73.565679;45.505609
12;-73.565881;45.505707;14;F898;-73.56554399999999;45.505545
12;-73.565881;45.505707;14;F899;-73.56554399999999;45.505545
12;-73.565881;45.505707;14;F900;-73.565409;45.50548
12;-73.565881;45.505707;14;F901;-73.565409;45.50548
19;-73.567334;45.505229;4;F828;-73.56740400000001;45.505263
19;-73.567334;45.505229;4;F829;-73.56740400000001;45.505263
19;-73.567334;45.505229;4;F830;-73.567263;45.505195
19;-73.567334;45.505229;4;F831;-73.567263;45.505195
20;-73.568682;45.505767;6;F810;-73.56883499999999;45.505842
20;-73.568682;45.505767;6;F811;-73.568752;45.505802
20;-73.568682;45.505767;6;F812;-73.568752;45.505802
20;-73.568682;45.505767;6;F813;-73.568626;45.50574
20;-73.568682;45.505767;6;F814;-73.568626;45.50574
20;-73.568682;45.505767;6;F815;-73.5685;45.505678
21;-73.56675;45.504956;8;F833;-73.567041;45.505098
21;-73.56675;45.504956;8;F834;-73.567041;45.505098
21;-73.56675;45.504956;8;F835;-73.56689899999999;45.505028
21;-73.56675;45.504956;8;F838;-73.56671300000001;45.504938
21;-73.56675;45.504956;8;F839;-73.56671300000001;45.504938
21;-73.56675;45.504956;8;F840;-73.566578;45.504872
21;-73.56675;45.504956;8;F841;-73.566578;45.504872
21;-73.56675;45.504956;8;F842;-73.566441;45.504805
25;-73.571349;45.506309;11;E770;-73.571674;45.506475
25;-73.571349;45.506309;11;E771;-73.571616;45.506448
25;-73.571349;45.506309;11;E772;-73.5715;45.506392
25;-73.571349;45.506309;11;E773;-73.5715;45.506392
25;-73.571349;45.506309;11;E774;-73.571373;45.506332
25;-73.571349;45.506309;11;E775;-73.571373;45.506332
25;-73.571349;45.506309;11;E776;-73.57124499999999;45.506271999999996
25;-73.571349;45.506309;11;E777;-73.57124499999999;45.506271999999996
25;-73.571349;45.506309;11;E778;-73.571117;45.506212
25;-73.571349;45.506309;11;E779;-73.571129;45.506152
25;-73.571349;45.506309;11;E780;-73.571069;45.506122999999995
26;-73.57156;45.506211;6;E753;-73.571862;45.506355
26;-73.57156;45.506211;6;E754;-73.571732;45.506294
26;-73.57156;45.506211;6;E755;-73.571732;45.506294
26;-73.57156;45.506211;6;E756;-73.57163;45.506242
26;-73.57156;45.506211;6;E762;-73.571201;45.506040999999996
26;-73.57156;45.506211;6;E763;-73.571201;45.506040999999996
27;-73.570553;45.50594;6;E788;-73.570683;45.506003
27;-73.570553;45.50594;6;E789;-73.570683;45.506003
27;-73.570553;45.50594;6;E790;-73.570553;45.505939
27;-73.570553;45.50594;6;E791;-73.570553;45.505939
27;-73.570553;45.50594;6;E792;-73.570423;45.505879
27;-73.570553;45.50594;6;E793;-73.570423;45.505879
28;-73.57068;45.505793;7;E781;-73.570839;45.505868
28;-73.57068;45.505793;7;E782;-73.570839;45.505868
28;-73.57068;45.505793;7;E783;-73.570711;45.505808
28;-73.57068;45.505793;7;E784;-73.570711;45.505808
28;-73.57068;45.505793;7;E785;-73.570584;45.505747
28;-73.57068;45.505793;7;E786;-73.570584;45.505747
28;-73.57068;45.505793;7;E787;-73.570489;45.505702
29;-73.569934;45.505558;6;F784;-73.570065;45.50563
29;-73.569934;45.505558;6;F785;-73.570009;45.505590999999995
29;-73.569934;45.505558;6;F786;-73.570009;45.505590999999995
29;-73.569934;45.505558;6;F787;-73.56988199999999;45.505532
29;-73.569934;45.505558;6;F788;-73.56988199999999;45.505532
29;-73.569934;45.505558;6;F789;-73.569755;45.505469
30;-73.568546;45.504907;5;F803;-73.568712;45.504985
30;-73.568546;45.504907;5;F805;-73.56857;45.504917999999996
30;-73.568546;45.504907;5;F806;-73.56857;45.504917999999996
30;-73.568546;45.504907;5;F807;-73.568439;45.504856
30;-73.568546;45.504907;5;F808;-73.568439;45.504856
33;-73.568002;45.5039;11;F764;-73.56841999999999;45.504104999999996
33;-73.568002;45.5039;11;F765;-73.568318;45.504054
33;-73.568002;45.5039;11;F766;-73.568318;45.504054
33;-73.568002;45.5039;11;F767;-73.56824;45.504015
33;-73.568002;45.5039;11;F768;-73.568129;45.503962
33;-73.568002;45.5039;11;F769;-73.568129;45.503962
33;-73.568002;45.5039;11;F774;-73.56783;45.503813
33;-73.568002;45.5039;11;F775;-73.567771;45.503787
33;-73.568002;45.5039;11;F776;-73.567655;45.503731
33;-73.568002;45.5039;11;F777;-73.567655;45.503731
33;-73.568002;45.5039;11;F778;-73.567557;45.503685
155;-73.570384;45.506478;15;E436;-73.570751;45.506104
155;-73.570384;45.506478;15;E437;-73.570751;45.506104
155;-73.570384;45.506478;15;E438;-73.570665;45.506187
155;-73.570384;45.506478;15;E439;-73.570665;45.506187
155;-73.570384;45.506478;15;E440;-73.570584;45.506275
155;-73.570384;45.506478;15;E441;-73.570584;45.506275
155;-73.570384;45.506478;15;E442;-73.57050100000001;45.506361
155;-73.570384;45.506478;15;E443;-73.57050100000001;45.506361
155;-73.570384;45.506478;15;E448;-73.57021800000001;45.506651
155;-73.570384;45.506478;15;E449;-73.57021800000001;45.506651
155;-73.570384;45.506478;15;E450;-73.570127;45.50674
155;-73.570384;45.506478;15;E451;-73.570127;45.50674
155;-73.570384;45.506478;15;E452;-73.570086;45.506785
155;-73.570384;45.506478;15;E453;-73.56999300000001;45.506875
155;-73.570384;45.506478;15;E454;-73.56999300000001;45.506875
156;-73.570073;45.507064;12;E419;-73.570357;45.506774
156;-73.570073;45.507064;12;E420;-73.570357;45.506774
156;-73.570073;45.507064;12;E423;-73.570208;45.506931
156;-73.570073;45.507064;12;E424;-73.570208;45.506931
156;-73.570073;45.507064;12;E425;-73.57011800000001;45.507021
156;-73.570073;45.507064;12;E426;-73.570073;45.507062
156;-73.570073;45.507064;12;E427;-73.570073;45.507062
156;-73.570073;45.507064;12;E428;-73.569975;45.507162
156;-73.570073;45.507064;12;E429;-73.569975;45.507162
156;-73.570073;45.507064;12;E430;-73.569873;45.507265000000004
156;-73.570073;45.507064;12;E431;-73.569873;45.507265000000004
156;-73.570073;45.507064;12;E432;-73.569784;45.507355
182;-73.569554;45.506644;21;E537;-73.570079;45.50612
182;-73.569554;45.506644;21;E538;-73.570079;45.50612
182;-73.569554;45.506644;21;E541;-73.56992;45.506285999999996
182;-73.569554;45.506644;21;E543;-73.569884;45.506326
182;-73.569554;45.506644;21;E544;-73.56979799999999;45.506414
182;-73.569554;45.506644;21;E545;-73.56979799999999;45.506414
182;-73.569554;45.506644;21;E546;-73.56970600000001;45.50651
182;-73.569554;45.506644;21;E547;-73.56970600000001;45.50651
182;-73.569554;45.506644;21;E548;-73.569621;45.506599
182;-73.569554;45.506644;21;E549;-73.569621;45.506599
182;-73.569554;45.506644;21;E550;-73.569536;45.506689
182;-73.569554;45.506644;21;E551;-73.569536;45.506689
182;-73.569554;45.506644;21;E552;-73.569488;45.506738
182;-73.569554;45.506644;21;E553;-73.569399;45.506764000000004
182;-73.569554;45.506644;21;E554;-73.569323;45.506842999999996
182;-73.569554;45.506644;21;E555;-73.569277;45.506893
182;-73.569554;45.506644;21;E556;-73.569277;45.506893
182;-73.569554;45.506644;21;E557;-73.569191;45.506982
182;-73.569554;45.506644;21;E558;-73.569191;45.506982
182;-73.569554;45.506644;21;E559;-73.56910500000001;45.507071999999994
182;-73.569554;45.506644;21;E560;-73.56910500000001;45.507071999999994
204;-73.568159;45.505047;6;F276;-73.568308;45.504892
204;-73.568159;45.505047;6;F277;-73.568308;45.504892
204;-73.568159;45.505047;6;F278;-73.568228;45.504985
204;-73.568159;45.505047;6;F279;-73.568228;45.504985
204;-73.568159;45.505047;6;F284;-73.567942;45.505263
204;-73.568159;45.505047;6;F285;-73.567942;45.505263
205;-73.567457;45.50585;16;F287;-73.567753;45.505523
205;-73.567457;45.50585;16;F288;-73.567753;45.505523
205;-73.567457;45.50585;16;F289;-73.56767099999999;45.505615
205;-73.567457;45.50585;16;F290;-73.56767099999999;45.505615
205;-73.567457;45.50585;16;F291;-73.567589;45.505713
205;-73.567457;45.50585;16;F292;-73.567589;45.505713
205;-73.567457;45.50585;16;F293;-73.56751;45.505803
205;-73.567457;45.50585;16;F294;-73.56751;45.505803
205;-73.567457;45.50585;16;F295;-73.567432;45.505893
205;-73.567457;45.50585;16;F296;-73.567358;45.505932
205;-73.567457;45.50585;16;F297;-73.567317;45.505978999999996
205;-73.567457;45.50585;16;F298;-73.567317;45.505978999999996
205;-73.567457;45.50585;16;F299;-73.567235;45.506073
205;-73.567457;45.50585;16;F300;-73.567235;45.506073
205;-73.567457;45.50585;16;F301;-73.567183;45.506178999999996
205;-73.567457;45.50585;16;F302;-73.567183;45.506178999999996
358;-73.568953;45.506062;20;F195;-73.569537;45.505447
358;-73.568953;45.506062;20;F196;-73.569537;45.505447
358;-73.568953;45.506062;20;F197;-73.569464;45.505524
358;-73.568953;45.506062;20;F202;-73.569237;45.505762
358;-73.568953;45.506062;20;F203;-73.569237;45.505762
358;-73.568953;45.506062;20;F204;-73.569152;45.505854
358;-73.568953;45.506062;20;F205;-73.569152;45.505854
358;-73.568953;45.506062;20;F206;-73.56911099999999;45.505897999999995
358;-73.568953;45.506062;20;F208;-73.569012;45.506002
358;-73.568953;45.506062;20;F209;-73.568946;45.506066
358;-73.568953;45.506062;20;F210;-73.568946;45.506066
358;-73.568953;45.506062;20;F211;-73.568883;45.506133
358;-73.568953;45.506062;20;F212;-73.568839;45.506178999999996
358;-73.568953;45.506062;20;F213;-73.568768;45.506253
358;-73.568953;45.506062;20;F214;-73.568768;45.506253
358;-73.568953;45.506062;20;F215;-73.568678;45.506347
358;-73.568953;45.506062;20;F216;-73.568678;45.506347
358;-73.568953;45.506062;20;F222;-73.56838499999999;45.506662
358;-73.568953;45.506062;20;F223;-73.56838499999999;45.506662
358;-73.568953;45.506062;20;F224;-73.568335;45.506714
359;-73.568663;45.512226;12;G526;-73.569141;45.512445
359;-73.568663;45.512226;12;G527;-73.569141;45.512445
359;-73.568663;45.512226;12;G528;-73.569013;45.512386
359;-73.568663;45.512226;12;G529;-73.569013;45.512386
359;-73.568663;45.512226;12;G530;-73.568899;45.512336
359;-73.568663;45.512226;12;G535;-73.56855;45.512175
359;-73.568663;45.512226;12;G536;-73.56855;45.512175
359;-73.568663;45.512226;12;G537;-73.568422;45.512116
359;-73.568663;45.512226;12;G538;-73.568422;45.512116
359;-73.568663;45.512226;12;G539;-73.568343;45.51208
359;-73.568663;45.512226;12;G540;-73.568228;45.512027
359;-73.568663;45.512226;12;G541;-73.568228;45.512027
360;-73.568106;45.511788;32;G489;-73.56925799999999;45.512322
360;-73.568106;45.511788;32;G491;-73.569185;45.512287
360;-73.568106;45.511788;32;G492;-73.569051;45.512234
360;-73.568106;45.511788;32;G493;-73.569051;45.512234
360;-73.568106;45.511788;32;G494;-73.568947;45.512177
360;-73.568106;45.511788;32;G495;-73.56889699999999;45.512157
360;-73.568106;45.511788;32;G496;-73.568795;45.512108000000005
360;-73.568106;45.511788;32;G497;-73.568795;45.512108000000005
360;-73.568106;45.511788;32;G498;-73.568673;45.51205
360;-73.568106;45.511788;32;G499;-73.568673;45.51205
360;-73.568106;45.511788;32;G500;-73.56854;45.511989
360;-73.568106;45.511788;32;G501;-73.56854;45.511989
360;-73.568106;45.511788;32;G502;-73.568413;45.511928999999995
360;-73.568106;45.511788;32;G503;-73.568413;45.511928999999995
360;-73.568106;45.511788;32;G504;-73.568343;45.511895
360;-73.568106;45.511788;32;G506;-73.56814200000001;45.511802
360;-73.568106;45.511788;32;G509;-73.567938;45.511708
360;-73.568106;45.511788;32;G510;-73.567865;45.511675
360;-73.568106;45.511788;32;G511;-73.567865;45.511675
360;-73.568106;45.511788;32;G512;-73.567737;45.511617
360;-73.568106;45.511788;32;G513;-73.567737;45.511617
360;-73.568106;45.511788;32;G514;-73.56760600000001;45.511558
360;-73.568106;45.511788;32;G515;-73.56760600000001;45.511558
360;-73.568106;45.511788;32;G516;-73.56747800000001;45.511499
360;-73.568106;45.511788;32;G517;-73.56747800000001;45.511499
360;-73.568106;45.511788;32;G518;-73.567346;45.511438
360;-73.568106;45.511788;32;G519;-73.567346;45.511438
360;-73.568106;45.511788;32;G520;-73.56722099999999;45.511379
360;-73.568106;45.511788;32;G521;-73.56722099999999;45.511379
360;-73.568106;45.511788;32;G522;-73.56711800000001;45.511328999999996
360;-73.568106;45.511788;32;G523;-73.567081;45.511312
360;-73.568106;45.511788;32;G524;-73.56702;45.511284
361;-73.567448;45.511664;16;G542;-73.567909;45.511879
361;-73.567448;45.511664;16;G543;-73.56785699999999;45.511854
361;-73.567448;45.511664;16;G544;-73.567819;45.511837
361;-73.567448;45.511664;16;G545;-73.567708;45.511786
361;-73.567448;45.511664;16;G546;-73.567708;45.511786
361;-73.567448;45.511664;16;G547;-73.56758;45.511726
361;-73.567448;45.511664;16;G548;-73.56758;45.511726
361;-73.567448;45.511664;16;G549;-73.56744599999999;45.511664
361;-73.567448;45.511664;16;G550;-73.56744599999999;45.511664
361;-73.567448;45.511664;16;G551;-73.56732;45.511601
361;-73.567448;45.511664;16;G552;-73.56732;45.511601
361;-73.567448;45.511664;16;G553;-73.567188;45.511545
361;-73.567448;45.511664;16;G554;-73.567188;45.511545
361;-73.567448;45.511664;16;G555;-73.56706;45.511484
361;-73.567448;45.511664;16;G556;-73.56706;45.511484
361;-73.567448;45.511664;16;G557;-73.566979;45.511446
362;-73.566096;45.510855;17;G558;-73.56665699999999;45.5111
362;-73.566096;45.510855;17;G559;-73.56656;45.511057
362;-73.566096;45.510855;17;G560;-73.56656;45.511057
362;-73.566096;45.510855;17;G561;-73.56643100000001;45.510996
362;-73.566096;45.510855;17;G562;-73.56643100000001;45.510996
362;-73.566096;45.510855;17;G563;-73.566292;45.510931
362;-73.566096;45.510855;17;G564;-73.566292;45.510931
362;-73.566096;45.510855;17;G565;-73.566138;45.510889
362;-73.566096;45.510855;17;G566;-73.566138;45.510889
362;-73.566096;45.510855;17;G568;-73.565986;45.510816
362;-73.566096;45.510855;17;G569;-73.56590200000001;45.510776
362;-73.566096;45.510855;17;G570;-73.56590200000001;45.510776
362;-73.566096;45.510855;17;G571;-73.565766;45.510712
362;-73.566096;45.510855;17;G572;-73.565766;45.510712
362;-73.566096;45.510855;17;G573;-73.56563100000001;45.510646
362;-73.566096;45.510855;17;G574;-73.56563100000001;45.510646
362;-73.566096;45.510855;17;G575;-73.565557;45.510612
363;-73.5659;45.510944;12;G582;-73.56621899999999;45.511093
363;-73.5659;45.510944;12;G583;-73.56621899999999;45.511093
363;-73.5659;45.510944;12;G584;-73.56609;45.511033000000005
363;-73.5659;45.510944;12;G585;-73.56609;45.511033000000005
363;-73.5659;45.510944;12;G586;-73.56596400000001;45.510974
363;-73.5659;45.510944;12;G587;-73.56596400000001;45.510974
363;-73.5659;45.510944;12;G588;-73.565836;45.510914
363;-73.5659;45.510944;12;G589;-73.565836;45.510914
363;-73.5659;45.510944;12;G590;-73.56571;45.510855
363;-73.5659;45.510944;12;G591;-73.56571;45.510855
363;-73.5659;45.510944;12;G592;-73.56558199999999;45.510795
363;-73.5659;45.510944;12;G593;-73.56558199999999;45.510795
364;-73.56459;45.51015;15;H672;-73.56517099999999;45.510428999999995
364;-73.56459;45.51015;15;H673;-73.56509399999999;45.510393
364;-73.56459;45.51015;15;H674;-73.56497900000001;45.510339
364;-73.56459;45.51015;15;H675;-73.56497900000001;45.510339
364;-73.56459;45.51015;15;H676;-73.564915;45.510309
364;-73.56459;45.51015;15;H679;-73.56466800000001;45.510183000000005
364;-73.56459;45.51015;15;H680;-73.56466800000001;45.510183000000005
364;-73.56459;45.51015;15;H681;-73.564601;45.510154
364;-73.56459;45.51015;15;H682;-73.564417;45.510067
364;-73.56459;45.51015;15;H683;-73.564417;45.510067
364;-73.56459;45.51015;15;H684;-73.564288;45.510007
364;-73.56459;45.51015;15;H685;-73.564288;45.510007
364;-73.56459;45.51015;15;H686;-73.564161;45.509947
364;-73.56459;45.51015;15;H687;-73.564161;45.509947
364;-73.56459;45.51015;15;H688;-73.564038;45.509884
365;-73.56435;45.510217;14;H695;-73.564734;45.510396
365;-73.56435;45.510217;14;H696;-73.564734;45.510396
365;-73.56435;45.510217;14;H697;-73.56460600000001;45.510337
365;-73.56435;45.510217;14;H698;-73.56460600000001;45.510337
365;-73.56435;45.510217;14;H699;-73.564477;45.510278
365;-73.56435;45.510217;14;H700;-73.564477;45.510278
365;-73.56435;45.510217;14;H701;-73.56435;45.510217
365;-73.56435;45.510217;14;H702;-73.56435;45.510217
365;-73.56435;45.510217;14;H703;-73.564222;45.510158000000004
365;-73.56435;45.510217;14;H704;-73.564222;45.510158000000004
365;-73.56435;45.510217;14;H705;-73.564094;45.510096999999995
365;-73.56435;45.510217;14;H706;-73.564094;45.510096999999995
365;-73.56435;45.510217;14;H707;-73.563965;45.510038
365;-73.56435;45.510217;14;H708;-73.563965;45.510038
366;-73.562856;45.509333;21;H712;-73.56356099999999;45.509664
366;-73.562856;45.509333;21;H713;-73.56356099999999;45.509664
366;-73.562856;45.509333;21;H714;-73.56343299999999;45.509605
366;-73.562856;45.509333;21;H715;-73.56343299999999;45.509605
366;-73.562856;45.509333;21;H716;-73.56330200000001;45.509544
366;-73.562856;45.509333;21;H717;-73.56330200000001;45.509544
366;-73.562856;45.509333;21;H718;-73.563175;45.509484
366;-73.562856;45.509333;21;H719;-73.563175;45.509484
366;-73.562856;45.509333;21;H720;-73.563047;45.509423
366;-73.562856;45.509333;21;H721;-73.563047;45.509423
366;-73.562856;45.509333;21;H722;-73.562935;45.509369
366;-73.562856;45.509333;21;H723;-73.56289699999999;45.509352
366;-73.562856;45.509333;21;H724;-73.562792;45.509303
366;-73.562856;45.509333;21;H725;-73.562792;45.509303
366;-73.562856;45.509333;21;H727;-73.56265;45.509236
366;-73.562856;45.509333;21;H731;-73.562436;45.509132
366;-73.562856;45.509333;21;H732;-73.562326;45.509085
366;-73.562856;45.509333;21;H733;-73.562289;45.509066
366;-73.562856;45.509333;21;H737;-73.561984;45.508926
366;-73.562856;45.509333;21;H738;-73.561915;45.508894
366;-73.562856;45.509333;21;H739;-73.561915;45.508894
367;-73.562965;45.509564;11;H745;-73.563251;45.509699
367;-73.562965;45.509564;11;H746;-73.563251;45.509699
367;-73.562965;45.509564;11;H747;-73.56312199999999;45.509640000000005
367;-73.562965;45.509564;11;H748;-73.56312199999999;45.509640000000005
367;-73.562965;45.509564;11;H749;-73.562995;45.509578999999995
367;-73.562965;45.509564;11;H750;-73.562995;45.509578999999995
367;-73.562965;45.509564;11;H751;-73.56286800000001;45.509516999999995
367;-73.562965;45.509564;11;H752;-73.56286800000001;45.509516999999995
367;-73.562965;45.509564;11;H753;-73.56274;45.509458
367;-73.562965;45.509564;11;H754;-73.56274;45.509458
367;-73.562965;45.509564;11;H755;-73.562668;45.509421
402;-73.56627;45.516467;24;G772;-73.567128;45.516861999999996
402;-73.56627;45.516467;24;G773;-73.567102;45.51685
402;-73.56627;45.516467;24;G774;-73.566987;45.516791999999995
402;-73.56627;45.516467;24;G775;-73.566987;45.516791999999995
402;-73.56627;45.516467;24;G778;-73.566763;45.516690999999994
402;-73.56627;45.516467;24;G779;-73.566763;45.516690999999994
402;-73.56627;45.516467;24;G780;-73.56662299999999;45.516628000000004
402;-73.56627;45.516467;24;G781;-73.56662299999999;45.516628000000004
402;-73.56627;45.516467;24;G782;-73.566488;45.516566
402;-73.56627;45.516467;24;G783;-73.566488;45.516566
402;-73.56627;45.516467;24;G784;-73.566347;45.516502
402;-73.56627;45.516467;24;G785;-73.566347;45.516502
402;-73.56627;45.516467;24;G786;-73.56620600000001;45.516438
402;-73.56627;45.516467;24;G787;-73.56620600000001;45.516438
402;-73.56627;45.516467;24;G788;-73.566075;45.516379
402;-73.56627;45.516467;24;G789;-73.566075;45.516379
402;-73.56627;45.516467;24;G790;-73.565931;45.516314
402;-73.56627;45.516467;24;G791;-73.565931;45.516314
402;-73.56627;45.516467;24;G794;-73.565732;45.516219
402;-73.56627;45.516467;24;G795;-73.56564200000001;45.516174
402;-73.56627;45.516467;24;G796;-73.56564200000001;45.516174
402;-73.56627;45.516467;24;G797;-73.565507;45.516121999999996
402;-73.56627;45.516467;24;G798;-73.565507;45.516121999999996
402;-73.56627;45.516467;24;G799;-73.56538499999999;45.516065000000005
403;-73.566204;45.516252;17;G742;-73.567214;45.516711
403;-73.566204;45.516252;17;G743;-73.567214;45.516711
403;-73.566204;45.516252;17;G751;-73.566693;45.516476000000004
403;-73.566204;45.516252;17;G752;-73.56656600000001;45.516415
403;-73.566204;45.516252;17;G753;-73.56656600000001;45.516415
403;-73.566204;45.516252;17;G756;-73.566313;45.516306
403;-73.566204;45.516252;17;G757;-73.566313;45.516306
403;-73.566204;45.516252;17;G758;-73.56618;45.516241
403;-73.566204;45.516252;17;G759;-73.56618;45.516241
403;-73.566204;45.516252;17;G760;-73.566071;45.516192
403;-73.566204;45.516252;17;G762;-73.565926;45.516124
403;-73.566204;45.516252;17;G763;-73.565926;45.516124
403;-73.566204;45.516252;17;G764;-73.565823;45.516078
403;-73.566204;45.516252;17;G765;-73.565764;45.516051000000004
403;-73.566204;45.516252;17;G767;-73.565636;45.515991
403;-73.566204;45.516252;17;G768;-73.56554;45.515948
403;-73.566204;45.516252;17;G769;-73.56554;45.515948
404;-73.564107;45.515478;24;G846;-73.56495799999999;45.515864
404;-73.564107;45.515478;24;G849;-73.564812;45.515796
404;-73.564107;45.515478;24;G850;-73.564678;45.515738
404;-73.564107;45.515478;24;G851;-73.564678;45.515738
404;-73.564107;45.515478;24;G852;-73.564551;45.515682
404;-73.564107;45.515478;24;G853;-73.564551;45.515682
404;-73.564107;45.515478;24;G854;-73.564423;45.515623
404;-73.564107;45.515478;24;G855;-73.564423;45.515623
404;-73.564107;45.515478;24;G856;-73.564295;45.515562
404;-73.564107;45.515478;24;G857;-73.564295;45.515562
404;-73.564107;45.515478;24;G858;-73.564166;45.515502000000005
404;-73.564107;45.515478;24;G859;-73.564166;45.515502000000005
404;-73.564107;45.515478;24;G860;-73.564036;45.515445
404;-73.564107;45.515478;24;G861;-73.564036;45.515445
404;-73.564107;45.515478;24;G862;-73.563908;45.515388
404;-73.564107;45.515478;24;G863;-73.563908;45.515388
404;-73.564107;45.515478;24;G864;-73.56378199999999;45.51533
404;-73.564107;45.515478;24;G865;-73.56378199999999;45.51533
404;-73.564107;45.515478;24;G866;-73.563645;45.515268
404;-73.564107;45.515478;24;G867;-73.563645;45.515268
404;-73.564107;45.515478;24;G868;-73.563524;45.515212
404;-73.564107;45.515478;24;G869;-73.563524;45.515212
404;-73.564107;45.515478;24;G870;-73.56339200000001;45.515151
404;-73.564107;45.515478;24;G871;-73.56339200000001;45.515151
406;-73.562685;45.514827;20;G872;-73.563278;45.515101
406;-73.562685;45.514827;20;G873;-73.563197;45.515065
406;-73.562685;45.514827;20;G874;-73.563197;45.515065
406;-73.562685;45.514827;20;G875;-73.56312199999999;45.515031
406;-73.562685;45.514827;20;G876;-73.56303199999999;45.514990000000004
406;-73.562685;45.514827;20;G877;-73.562947;45.514949
406;-73.562685;45.514827;20;G878;-73.562947;45.514949
406;-73.562685;45.514827;20;G879;-73.562815;45.51489
406;-73.562685;45.514827;20;G880;-73.562815;45.51489
406;-73.562685;45.514827;20;G881;-73.56273399999999;45.514827000000004
406;-73.562685;45.514827;20;G882;-73.562624;45.514801
406;-73.562685;45.514827;20;G883;-73.562624;45.514801
406;-73.562685;45.514827;20;G884;-73.562489;45.514742
406;-73.562685;45.514827;20;G885;-73.562489;45.514742
406;-73.562685;45.514827;20;G886;-73.562377;45.51469
406;-73.562685;45.514827;20;G887;-73.56229599999999;45.514655
406;-73.562685;45.514827;20;G888;-73.56229599999999;45.514655
406;-73.562685;45.514827;20;G889;-73.562173;45.514575
406;-73.562685;45.514827;20;G890;-73.562141;45.514559999999996
406;-73.562685;45.514827;20;G891;-73.562105;45.514564
407;-73.56434;45.515405;24;G800;-73.565105;45.515747999999995
407;-73.56434;45.515405;24;G801;-73.565076;45.515733000000004
407;-73.56434;45.515405;24;G802;-73.565005;45.515704
407;-73.56434;45.515405;24;G803;-73.56488900000001;45.515652
407;-73.56434;45.515405;24;G804;-73.56488900000001;45.515652
407;-73.56434;45.515405;24;G805;-73.564807;45.515617
407;-73.56434;45.515405;24;G806;-73.56472600000001;45.51558
407;-73.56434;45.515405;24;G807;-73.564619;45.515553999999995
407;-73.56434;45.515405;24;G808;-73.564619;45.515553999999995
407;-73.56434;45.515405;24;G809;-73.564557;45.515504
407;-73.56434;45.515405;24;G810;-73.564441;45.515445
407;-73.56434;45.515405;24;G811;-73.564441;45.515445
407;-73.56434;45.515405;24;G813;-73.564295;45.515381
407;-73.56434;45.515405;24;G814;-73.564175;45.515327
407;-73.56434;45.515405;24;G815;-73.564175;45.515327
407;-73.56434;45.515405;24;G816;-73.564047;45.515268
407;-73.56434;45.515405;24;G817;-73.564047;45.515268
407;-73.56434;45.515405;24;G818;-73.563919;45.515209999999996
407;-73.56434;45.515405;24;G819;-73.563919;45.515209999999996
407;-73.56434;45.515405;24;G820;-73.563789;45.515151
407;-73.56434;45.515405;24;G821;-73.563789;45.515151
407;-73.56434;45.515405;24;G822;-73.56366;45.515091999999996
407;-73.56434;45.515405;24;G823;-73.56366;45.515091999999996
407;-73.56434;45.515405;24;G824;-73.563513;45.515053
408;-73.56116;45.514139;18;Q573;-73.561689;45.514379
408;-73.56116;45.514139;18;Q574;-73.561689;45.514379
408;-73.56116;45.514139;18;Q575;-73.56156;45.514321
408;-73.56116;45.514139;18;Q576;-73.56156;45.514321
408;-73.56116;45.514139;18;Q577;-73.561431;45.514262
408;-73.56116;45.514139;18;Q578;-73.561431;45.514262
408;-73.56116;45.514139;18;Q579;-73.561367;45.514233000000004
408;-73.56116;45.514139;18;Q580;-73.561238;45.514174
408;-73.56116;45.514139;18;Q581;-73.561238;45.514174
408;-73.56116;45.514139;18;Q582;-73.56110799999999;45.514115000000004
408;-73.56116;45.514139;18;Q583;-73.56110799999999;45.514115000000004
408;-73.56116;45.514139;18;Q585;-73.56093299999999;45.514038
408;-73.56116;45.514139;18;Q586;-73.56093299999999;45.514038
408;-73.56116;45.514139;18;Q587;-73.560805;45.513978
408;-73.56116;45.514139;18;Q588;-73.560805;45.513978
408;-73.56116;45.514139;18;Q589;-73.560683;45.513923999999996
408;-73.56116;45.514139;18;Q590;-73.560683;45.513923999999996
408;-73.56116;45.514139;18;Q591;-73.560618;45.513895
409;-73.562628;45.514623;8;G828;-73.563118;45.514846999999996
409;-73.562628;45.514623;8;G829;-73.563118;45.514846999999996
409;-73.562628;45.514623;8;G830;-73.562983;45.514784999999996
409;-73.562628;45.514623;8;G838;-73.56247900000001;45.514554
409;-73.562628;45.514623;8;G839;-73.562403;45.514521
409;-73.562628;45.514623;8;G840;-73.562403;45.514521
409;-73.562628;45.514623;8;G841;-73.56229;45.51447
409;-73.562628;45.514623;8;G842;-73.562229;45.514441999999995
410;-73.560154;45.513682;4;Q619;-73.560252;45.513727
410;-73.560154;45.513682;4;Q620;-73.560172;45.513690000000004
410;-73.560154;45.513682;4;Q621;-73.560097;45.513656
410;-73.560154;45.513682;4;Q622;-73.560097;45.513656
411;-73.56125;45.513997;15;Q554;-73.561774;45.514235
411;-73.56125;45.513997;15;Q555;-73.561774;45.514235
411;-73.56125;45.513997;15;Q556;-73.561688;45.514195
411;-73.56125;45.513997;15;Q559;-73.561536;45.514125
411;-73.56125;45.513997;15;Q560;-73.561419;45.514068
411;-73.56125;45.513997;15;Q561;-73.56135400000001;45.514038
411;-73.56125;45.513997;15;Q562;-73.561288;45.514009
411;-73.56125;45.513997;15;Q563;-73.561288;45.514009
411;-73.56125;45.513997;15;Q564;-73.561139;45.513968
411;-73.56125;45.513997;15;Q565;-73.561139;45.513968
411;-73.56125;45.513997;15;Q566;-73.56102299999999;45.513892999999996
411;-73.56125;45.513997;15;Q567;-73.56102299999999;45.513892999999996
411;-73.56125;45.513997;15;Q570;-73.560858;45.513816
411;-73.56125;45.513997;15;Q571;-73.560724;45.513754999999996
411;-73.56125;45.513997;15;Q572;-73.560724;45.513754999999996
414;-73.559858;45.51336;11;Q592;-73.56036;45.513584
414;-73.559858;45.51336;11;Q593;-73.56036;45.513584
414;-73.559858;45.51336;11;Q594;-73.56025;45.513536
414;-73.559858;45.51336;11;Q598;-73.560018;45.513435
414;-73.559858;45.51336;11;Q599;-73.559873;45.513366999999995
414;-73.559858;45.51336;11;Q600;-73.559873;45.513366999999995
414;-73.559858;45.51336;11;Q602;-73.559682;45.513282000000004
414;-73.559858;45.51336;11;Q603;-73.559585;45.513237
414;-73.559858;45.51336;11;Q604;-73.559585;45.513237
414;-73.559858;45.51336;11;Q605;-73.559481;45.513189000000004
414;-73.559858;45.51336;11;Q607;-73.55936700000001;45.513143
415;-73.559109;45.513024;2;Q608;-73.55910899999999;45.513024
415;-73.559109;45.513024;2;Q609;-73.55910899999999;45.513024
561;-73.563301;45.513762;11;G658;-73.56394;45.514072
561;-73.563301;45.513762;11;G659;-73.563956;45.514053999999994
561;-73.563301;45.513762;11;G665;-73.563509;45.513876
561;-73.563301;45.513762;11;G666;-73.563509;45.513876
561;-73.563301;45.513762;11;G668;-73.563245;45.513729
561;-73.563301;45.513762;11;G669;-73.563161;45.513690000000004
561;-73.563301;45.513762;11;G670;-73.563161;45.513690000000004
561;-73.563301;45.513762;11;G671;-73.563017;45.513625
561;-73.563301;45.513762;11;G672;-73.563017;45.513625
561;-73.563301;45.513762;11;G673;-73.56289699999999;45.51357
561;-73.563301;45.513762;11;G674;-73.56289699999999;45.51357
562;-73.563553;45.513732;12;G640;-73.564066;45.513965
562;-73.563553;45.513732;12;G642;-73.56389;45.513884999999995
562;-73.563553;45.513732;12;G643;-73.56389;45.513884999999995
562;-73.563553;45.513732;12;G644;-73.563755;45.513824
562;-73.563553;45.513732;12;G645;-73.563755;45.513824
562;-73.563553;45.513732;12;G646;-73.56362299999999;45.513764
562;-73.563553;45.513732;12;G647;-73.56362299999999;45.513764
562;-73.563553;45.513732;12;G651;-73.563314;45.513624
562;-73.563553;45.513732;12;G652;-73.563314;45.513624
562;-73.563553;45.513732;12;G653;-73.56318;45.513563
562;-73.563553;45.513732;12;G654;-73.56318;45.513563
562;-73.563553;45.513732;12;G655;-73.563046;45.513502
563;-73.562006;45.513175;12;H854;-73.562535;45.513418
563;-73.562006;45.513175;12;H855;-73.562535;45.513418
563;-73.562006;45.513175;12;H856;-73.562391;45.513352000000005
563;-73.562006;45.513175;12;H857;-73.562391;45.513352000000005
563;-73.562006;45.513175;12;H860;-73.56215;45.513242
563;-73.562006;45.513175;12;H861;-73.56215;45.513242
563;-73.562006;45.513175;12;H862;-73.56200600000001;45.513176
563;-73.562006;45.513175;12;H864;-73.561871;45.513114
563;-73.562006;45.513175;12;H868;-73.561578;45.512979
563;-73.562006;45.513175;12;H869;-73.561578;45.512979
563;-73.562006;45.513175;12;H870;-73.561442;45.512916
563;-73.562006;45.513175;12;H871;-73.561442;45.512916
564;-73.560603;45.512521;17;H872;-73.561089;45.512741999999996
564;-73.560603;45.512521;17;H873;-73.561089;45.512741999999996
564;-73.560603;45.512521;17;H874;-73.56096;45.512684
564;-73.560603;45.512521;17;H875;-73.56096;45.512684
564;-73.560603;45.512521;17;H876;-73.560851;45.512637
564;-73.560603;45.512521;17;H877;-73.560787;45.512607
564;-73.560603;45.512521;17;H878;-73.560702;45.512566
564;-73.560603;45.512521;17;H879;-73.560702;45.512566
564;-73.560603;45.512521;17;H880;-73.560574;45.512508000000004
564;-73.560603;45.512521;17;H881;-73.560574;45.512508000000004
564;-73.560603;45.512521;17;H882;-73.56044399999999;45.512449
564;-73.560603;45.512521;17;H883;-73.56044399999999;45.512449
564;-73.560603;45.512521;17;H884;-73.560316;45.512389
564;-73.560603;45.512521;17;H885;-73.560316;45.512389
564;-73.560603;45.512521;17;H886;-73.560188;45.51233
564;-73.560603;45.512521;17;H887;-73.560124;45.5123
564;-73.560603;45.512521;17;H888;-73.560124;45.5123
574;-73.563689;45.508326;20;H641;-73.564598;45.508696
574;-73.563689;45.508326;20;H642;-73.56446700000001;45.508639
574;-73.563689;45.508326;20;H643;-73.56446700000001;45.508639
574;-73.563689;45.508326;20;H644;-73.56431500000001;45.508593
574;-73.563689;45.508326;20;H645;-73.56431500000001;45.508593
574;-73.563689;45.508326;20;H646;-73.56418199999999;45.508532
574;-73.563689;45.508326;20;H647;-73.56418199999999;45.508532
574;-73.563689;45.508326;20;H650;-73.564006;45.508438
574;-73.563689;45.508326;20;H654;-73.563691;45.508344
574;-73.563689;45.508326;20;H655;-73.563691;45.508344
574;-73.563689;45.508326;20;H658;-73.56348299999999;45.508252
574;-73.563689;45.508326;20;H659;-73.56348299999999;45.508252
574;-73.563689;45.508326;20;H660;-73.563355;45.508192
574;-73.563689;45.508326;20;H661;-73.563355;45.508192
574;-73.563689;45.508326;20;H662;-73.563225;45.508136
574;-73.563689;45.508326;20;H663;-73.563225;45.508136
574;-73.563689;45.508326;20;H664;-73.563096;45.508076
574;-73.563689;45.508326;20;H665;-73.563096;45.508076
574;-73.563689;45.508326;20;H669;-73.562775;45.507933
574;-73.563689;45.508326;20;H670;-73.562775;45.507933
585;-73.562443;45.513964;17;G725;-73.56278499999999;45.513581
585;-73.562443;45.513964;17;G726;-73.56271600000001;45.513657
585;-73.562443;45.513964;17;G727;-73.56271600000001;45.513657
585;-73.562443;45.513964;17;G728;-73.56263100000001;45.513751
585;-73.562443;45.513964;17;G729;-73.56263100000001;45.513751
585;-73.562443;45.513964;17;G730;-73.562547;45.513846
585;-73.562443;45.513964;17;G731;-73.562547;45.513846
585;-73.562443;45.513964;17;G732;-73.562463;45.513940000000005
585;-73.562443;45.513964;17;G733;-73.562463;45.513940000000005
585;-73.562443;45.513964;17;G734;-73.562379;45.514035
585;-73.562443;45.513964;17;G735;-73.562379;45.514035
585;-73.562443;45.513964;17;G736;-73.56229499999999;45.51413
585;-73.562443;45.513964;17;G737;-73.56229499999999;45.51413
585;-73.562443;45.513964;17;G738;-73.562211;45.514224
585;-73.562443;45.513964;17;G739;-73.562211;45.514224
585;-73.562443;45.513964;17;G740;-73.562127;45.514319
585;-73.562443;45.513964;17;G741;-73.562127;45.514319
598;-73.560209;45.514212;14;Q402;-73.56049;45.513911
598;-73.560209;45.514212;14;Q403;-73.56044399999999;45.513959
598;-73.560209;45.514212;14;Q404;-73.56044399999999;45.513959
598;-73.560209;45.514212;14;Q405;-73.560354;45.514059
598;-73.560209;45.514212;14;Q406;-73.560354;45.514059
598;-73.560209;45.514212;14;Q407;-73.560263;45.514154
598;-73.560209;45.514212;14;Q408;-73.560263;45.514154
598;-73.560209;45.514212;14;Q409;-73.56019;45.514233000000004
598;-73.560209;45.514212;14;Q411;-73.56010699999999;45.514322
598;-73.560209;45.514212;14;Q412;-73.56010699999999;45.514322
598;-73.560209;45.514212;14;Q413;-73.560023;45.514412
598;-73.560209;45.514212;14;Q414;-73.560023;45.514412
598;-73.560209;45.514212;14;Q415;-73.559938;45.514502
598;-73.560209;45.514212;14;Q416;-73.55993199999999;45.514509000000004
599;-73.559322;45.51517;10;Q420;-73.559492;45.514983
599;-73.559322;45.51517;10;Q421;-73.559492;45.514983
599;-73.559322;45.51517;10;Q422;-73.55941999999999;45.515063
599;-73.559322;45.51517;10;Q423;-73.55936;45.515128000000004
599;-73.559322;45.51517;10;Q424;-73.55936;45.515128000000004
599;-73.559322;45.51517;10;Q425;-73.55927700000001;45.515219
599;-73.559322;45.51517;10;Q426;-73.55927700000001;45.515219
599;-73.559322;45.51517;10;Q427;-73.55919300000001;45.51531
599;-73.559322;45.51517;10;Q428;-73.55919300000001;45.51531
599;-73.559322;45.51517;10;Q429;-73.559151;45.515357
612;-73.566772;45.506591;7;H184;-73.566875;45.506473
612;-73.566772;45.506591;7;H185;-73.566835;45.506519
612;-73.566772;45.506591;7;H186;-73.566835;45.506519
612;-73.566772;45.506591;7;H187;-73.566754;45.506611
612;-73.566772;45.506591;7;H188;-73.566754;45.506611
612;-73.566772;45.506591;7;H189;-73.566674;45.506703
612;-73.566772;45.506591;7;H190;-73.566674;45.506703
613;-73.565553;45.507986;26;H198;-73.566118;45.50734
613;-73.565553;45.507986;26;H199;-73.566118;45.50734
613;-73.565553;45.507986;26;H200;-73.566037;45.507432
613;-73.565553;45.507986;26;H201;-73.566037;45.507432
613;-73.565553;45.507986;26;H202;-73.565957;45.507524
613;-73.565553;45.507986;26;H203;-73.565957;45.507524
613;-73.565553;45.507986;26;H204;-73.565876;45.507616
613;-73.565553;45.507986;26;H205;-73.565876;45.507616
613;-73.565553;45.507986;26;H206;-73.56579599999999;45.507708
613;-73.565553;45.507986;26;H207;-73.56579599999999;45.507708
613;-73.565553;45.507986;26;H208;-73.565715;45.5078
613;-73.565553;45.507986;26;H209;-73.565715;45.5078
613;-73.565553;45.507986;26;H210;-73.565635;45.507892
613;-73.565553;45.507986;26;H215;-73.565434;45.508122
613;-73.565553;45.507986;26;H216;-73.565434;45.508122
613;-73.565553;45.507986;26;H217;-73.565354;45.508214
613;-73.565553;45.507986;26;H218;-73.565354;45.508214
613;-73.565553;45.507986;26;H219;-73.565274;45.508306
613;-73.565553;45.507986;26;H220;-73.565274;45.508306
613;-73.565553;45.507986;26;H221;-73.56519300000001;45.508398
613;-73.565553;45.507986;26;H222;-73.56519300000001;45.508398
613;-73.565553;45.507986;26;H223;-73.565113;45.50849
613;-73.565553;45.507986;26;H224;-73.565113;45.50849
613;-73.565553;45.507986;26;H225;-73.565031;45.508582000000004
613;-73.565553;45.507986;26;H226;-73.565031;45.508582000000004
613;-73.565553;45.507986;26;H227;-73.56495100000001;45.508674
614;-73.564553;45.509128;12;H228;-73.564753;45.508897999999995
614;-73.564553;45.509128;12;H229;-73.564753;45.508897999999995
614;-73.564553;45.509128;12;H230;-73.564673;45.508990000000004
614;-73.564553;45.509128;12;H231;-73.564673;45.508990000000004
614;-73.564553;45.509128;12;H232;-73.564592;45.509082
614;-73.564553;45.509128;12;H233;-73.564592;45.509082
614;-73.564553;45.509128;12;H234;-73.564513;45.509174
614;-73.564553;45.509128;12;H235;-73.564513;45.509174
614;-73.564553;45.509128;12;H236;-73.564433;45.509267
614;-73.564553;45.509128;12;H237;-73.564433;45.509267
614;-73.564553;45.509128;12;H238;-73.564353;45.509359
614;-73.564553;45.509128;12;H239;-73.564353;45.509359
615;-73.564073;45.509679;5;H240;-73.564138;45.509606
615;-73.564073;45.509679;5;H241;-73.564138;45.509606
615;-73.564073;45.509679;5;H242;-73.56405699999999;45.509696999999996
615;-73.564073;45.509679;5;H243;-73.56405699999999;45.509696999999996
615;-73.564073;45.509679;5;H244;-73.563976;45.509789000000005
616;-73.563667;45.510144;6;H245;-73.56374699999999;45.510052
616;-73.563667;45.510144;6;H246;-73.56374699999999;45.510052
616;-73.563667;45.510144;6;H247;-73.563666;45.510144
616;-73.563667;45.510144;6;H248;-73.563666;45.510144
616;-73.563667;45.510144;6;H249;-73.563587;45.510236
616;-73.563667;45.510144;6;H250;-73.563587;45.510236
617;-73.563072;45.510873;12;H256;-73.56325;45.510633
617;-73.563072;45.510873;12;H257;-73.56325;45.510633
617;-73.563072;45.510873;12;H258;-73.563198;45.510737
617;-73.563072;45.510873;12;H259;-73.563198;45.510737
617;-73.563072;45.510873;12;H260;-73.563121;45.510829
617;-73.563072;45.510873;12;H261;-73.563121;45.510829
617;-73.563072;45.510873;12;H262;-73.56304300000001;45.510913
617;-73.563072;45.510873;12;H263;-73.562999;45.510963000000004
617;-73.563072;45.510873;12;H264;-73.562999;45.510963000000004
617;-73.563072;45.510873;12;H265;-73.562928;45.511041999999996
617;-73.563072;45.510873;12;H266;-73.562893;45.511082
617;-73.563072;45.510873;12;H267;-73.562865;45.511114
618;-73.562528;45.511465;10;H268;-73.562696;45.511272999999996
618;-73.562528;45.511465;10;H269;-73.562696;45.511272999999996
618;-73.562528;45.511465;10;H270;-73.562608;45.51137
618;-73.562528;45.511465;10;H271;-73.56260999999999;45.511371000000004
618;-73.562528;45.511465;10;H272;-73.562531;45.511461
618;-73.562528;45.511465;10;H273;-73.562531;45.511461
618;-73.562528;45.511465;10;H274;-73.562451;45.511553
618;-73.562528;45.511465;10;H275;-73.562411;45.5116
618;-73.562528;45.511465;10;H276;-73.562371;45.511646
618;-73.562528;45.511465;10;H277;-73.562371;45.511646
619;-73.562087;45.512007;8;H278;-73.56221500000001;45.511869
619;-73.562087;45.512007;8;H279;-73.56221500000001;45.511869
619;-73.562087;45.512007;8;H280;-73.56210300000001;45.511951
619;-73.562087;45.512007;8;H281;-73.56210300000001;45.511951
619;-73.562087;45.512007;8;H282;-73.562054;45.512059
619;-73.562087;45.512007;8;H283;-73.562054;45.512059
619;-73.562087;45.512007;8;H284;-73.56197399999999;45.512147999999996
619;-73.562087;45.512007;8;H285;-73.56197399999999;45.512147999999996
620;-73.561651;45.512509;10;H286;-73.561808;45.512328000000004
620;-73.561651;45.512509;10;H287;-73.561808;45.512328000000004
620;-73.561651;45.512509;10;H288;-73.561728;45.512415999999995
620;-73.561651;45.512509;10;H289;-73.561728;45.512415999999995
620;-73.561651;45.512509;10;H290;-73.561677;45.512478
620;-73.561651;45.512509;10;H291;-73.56164100000001;45.512521
620;-73.561651;45.512509;10;H292;-73.561582;45.512589
620;-73.561651;45.512509;10;H293;-73.561532;45.512648
620;-73.561651;45.512509;10;H294;-73.561532;45.512648
620;-73.561651;45.512509;10;H295;-73.561475;45.512714
621;-73.561001;45.5133;17;H906;-73.56132099999999;45.512929
621;-73.561001;45.5133;17;H907;-73.561297;45.512955
621;-73.561001;45.5133;17;H908;-73.56124799999999;45.513009999999994
621;-73.561001;45.5133;17;H909;-73.561181;45.513095
621;-73.561001;45.5133;17;H910;-73.561181;45.513095
621;-73.561001;45.5133;17;H911;-73.561127;45.513156
621;-73.561001;45.5133;17;H912;-73.561079;45.513211
621;-73.561001;45.5133;17;H913;-73.56102;45.513279
621;-73.561001;45.5133;17;H914;-73.56102;45.513279
621;-73.561001;45.5133;17;H915;-73.56097;45.513337
621;-73.561001;45.5133;17;H916;-73.560919;45.513394
621;-73.561001;45.5133;17;H917;-73.560867;45.513453000000005
621;-73.561001;45.5133;17;H918;-73.56081800000001;45.51351
621;-73.561001;45.5133;17;H919;-73.560777;45.513556
621;-73.561001;45.5133;17;H920;-73.560777;45.513556
621;-73.561001;45.5133;17;H921;-73.56071899999999;45.513622999999995
621;-73.561001;45.5133;17;H922;-73.560688;45.513658
890;-73.565693;45.503657;11;K146;-73.56601500000001;45.50327
890;-73.565693;45.503657;11;K147;-73.56601500000001;45.50327
890;-73.565693;45.503657;11;K148;-73.565937;45.503363
890;-73.565693;45.503657;11;K149;-73.565937;45.503363
890;-73.565693;45.503657;11;K150;-73.56586;45.503456
890;-73.565693;45.503657;11;K158;-73.565564;45.503814
890;-73.565693;45.503657;11;K159;-73.565564;45.503814
890;-73.565693;45.503657;11;K160;-73.565472;45.503918
890;-73.565693;45.503657;11;K161;-73.565472;45.503918
890;-73.565693;45.503657;11;K162;-73.565393;45.504022
890;-73.565693;45.503657;11;K163;-73.565393;45.504022
891;-73.566002;45.503926;15;F454;-73.56630200000001;45.503534
891;-73.566002;45.503926;15;F455;-73.566222;45.503640999999995
891;-73.566002;45.503926;15;F456;-73.566222;45.503640999999995
891;-73.566002;45.503926;15;F457;-73.566142;45.503747
891;-73.566002;45.503926;15;F458;-73.566142;45.503747
891;-73.566002;45.503926;15;F459;-73.566062;45.503851
891;-73.566002;45.503926;15;F460;-73.566062;45.503851
891;-73.566002;45.503926;15;F461;-73.56598000000001;45.503957
891;-73.566002;45.503926;15;F462;-73.56598000000001;45.503957
891;-73.566002;45.503926;15;F463;-73.565903;45.504056
891;-73.566002;45.503926;15;F464;-73.565903;45.504056
891;-73.566002;45.503926;15;F465;-73.56581700000001;45.504162
891;-73.566002;45.503926;15;F466;-73.56581700000001;45.504162
891;-73.566002;45.503926;15;F467;-73.565738;45.504264
891;-73.566002;45.503926;15;F468;-73.565738;45.504264
892;-73.564904;45.504645;16;K165;-73.565188;45.504318
892;-73.564904;45.504645;16;K166;-73.565188;45.504318
892;-73.564904;45.504645;16;K167;-73.565151;45.504365
892;-73.564904;45.504645;16;K168;-73.56504699999999;45.504456
892;-73.564904;45.504645;16;K169;-73.56501300000001;45.504503
892;-73.564904;45.504645;16;K170;-73.56501300000001;45.504503
892;-73.564904;45.504645;16;K171;-73.564939;45.504597
892;-73.564904;45.504645;16;K172;-73.564939;45.504597
892;-73.564904;45.504645;16;K173;-73.564862;45.504690999999994
892;-73.564904;45.504645;16;K174;-73.564862;45.504690999999994
892;-73.564904;45.504645;16;K175;-73.564825;45.504737
892;-73.564904;45.504645;16;K176;-73.564748;45.504834
892;-73.564904;45.504645;16;K177;-73.564709;45.504881
892;-73.564904;45.504645;16;K178;-73.564709;45.504881
892;-73.564904;45.504645;16;K179;-73.564634;45.504978
892;-73.564904;45.504645;16;K180;-73.564634;45.504978
893;-73.565258;45.504868;15;F469;-73.565596;45.50445
893;-73.565258;45.504868;15;F470;-73.56553199999999;45.504531
893;-73.565258;45.504868;15;F473;-73.565421;45.504661
893;-73.565258;45.504868;15;F474;-73.565421;45.504661
893;-73.565258;45.504868;15;F475;-73.565347;45.504754999999996
893;-73.565258;45.504868;15;F476;-73.565347;45.504754999999996
893;-73.565258;45.504868;15;F477;-73.565283;45.504835
893;-73.565258;45.504868;15;F478;-73.565234;45.504897
893;-73.565258;45.504868;15;F479;-73.565234;45.504897
893;-73.565258;45.504868;15;F480;-73.56515;45.505001
893;-73.565258;45.504868;15;F481;-73.56515;45.505001
893;-73.565258;45.504868;15;F482;-73.565076;45.505096
893;-73.565258;45.504868;15;F483;-73.565076;45.505096
893;-73.565258;45.504868;15;F484;-73.565;45.50519
893;-73.565258;45.504868;15;F485;-73.565;45.50519
894;-73.56466;45.505626;9;H311;-73.564818;45.505433000000004
894;-73.56466;45.505626;9;H312;-73.564758;45.505507
894;-73.56466;45.505626;9;H313;-73.564758;45.505507
894;-73.56466;45.505626;9;H314;-73.564679;45.505602
894;-73.56466;45.505626;9;H315;-73.564679;45.505602
894;-73.56466;45.505626;9;H316;-73.564601;45.505697999999995
894;-73.56466;45.505626;9;H317;-73.564601;45.505697999999995
894;-73.56466;45.505626;9;H318;-73.564524;45.505792
894;-73.56466;45.505626;9;H319;-73.564524;45.505792
895;-73.5642;45.505529;3;N106;-73.564222;45.505502
895;-73.5642;45.505529;3;N107;-73.564222;45.505502
895;-73.5642;45.505529;3;N108;-73.564155;45.505582000000004
896;-73.56357;45.506896;18;H326;-73.564035;45.506377
896;-73.56357;45.506896;18;H327;-73.564035;45.506377
896;-73.56357;45.506896;18;H328;-73.563998;45.506422
896;-73.56357;45.506896;18;H329;-73.563948;45.506476
896;-73.56357;45.506896;18;H330;-73.563873;45.50656
896;-73.56357;45.506896;18;H331;-73.563873;45.50656
896;-73.56357;45.506896;18;H332;-73.563792;45.506651
896;-73.56357;45.506896;18;H333;-73.563792;45.506651
896;-73.56357;45.506896;18;H334;-73.563711;45.506743
896;-73.56357;45.506896;18;H335;-73.563711;45.506743
896;-73.56357;45.506896;18;H336;-73.563625;45.506832
896;-73.56357;45.506896;18;H337;-73.563625;45.506832
896;-73.56357;45.506896;18;H338;-73.56354499999999;45.50692
896;-73.56357;45.506896;18;H351;-73.563025;45.507505
896;-73.56357;45.506896;18;H352;-73.56296;45.507575
896;-73.56357;45.506896;18;H353;-73.56296;45.507575
896;-73.56357;45.506896;18;H354;-73.562878;45.507667
896;-73.56357;45.506896;18;H355;-73.562878;45.507667
897;-73.563929;45.50587;6;N109;-73.56401;45.505767
897;-73.563929;45.50587;6;N110;-73.56401;45.505767
897;-73.563929;45.50587;6;N111;-73.563929;45.50587
897;-73.563929;45.50587;6;N112;-73.563929;45.50587
897;-73.563929;45.50587;6;N113;-73.563847;45.505972
897;-73.563929;45.50587;6;N114;-73.563847;45.505972
898;-73.56234;45.508237;5;H361;-73.562422;45.508145
898;-73.56234;45.508237;5;H362;-73.562366;45.508208
898;-73.56234;45.508237;5;H363;-73.562366;45.508208
898;-73.56234;45.508237;5;H364;-73.562274;45.508311
898;-73.56234;45.508237;5;H365;-73.562274;45.508311
899;-73.562942;45.50699;22;N122;-73.563353;45.506531
899;-73.562942;45.50699;22;N123;-73.563353;45.506531
899;-73.562942;45.50699;22;N124;-73.563272;45.506623
899;-73.562942;45.50699;22;N125;-73.563272;45.506623
899;-73.562942;45.50699;22;N126;-73.563191;45.506714
899;-73.562942;45.50699;22;N127;-73.563191;45.506714
899;-73.562942;45.50699;22;N128;-73.563109;45.506806
899;-73.562942;45.50699;22;N129;-73.563109;45.506806
899;-73.562942;45.50699;22;N130;-73.563028;45.506896999999995
899;-73.562942;45.50699;22;N131;-73.563028;45.506896999999995
899;-73.562942;45.50699;22;N132;-73.562947;45.506989000000004
899;-73.562942;45.50699;22;N133;-73.562947;45.506989000000004
899;-73.562942;45.50699;22;N134;-73.56286;45.507079
899;-73.562942;45.50699;22;N135;-73.56286;45.507079
899;-73.562942;45.50699;22;N136;-73.562779;45.50717
899;-73.562942;45.50699;22;N137;-73.562779;45.50717
899;-73.562942;45.50699;22;N138;-73.562697;45.507261
899;-73.562942;45.50699;22;N139;-73.562697;45.507261
899;-73.562942;45.50699;22;N140;-73.562606;45.507362
899;-73.562942;45.50699;22;N141;-73.562606;45.507362
899;-73.562942;45.50699;22;N142;-73.56251800000001;45.507462
899;-73.562942;45.50699;22;N143;-73.56251800000001;45.507462
901;-73.562161;45.507856;7;N144;-73.56226600000001;45.507739
901;-73.562161;45.507856;7;N145;-73.56226600000001;45.507739
901;-73.562161;45.507856;7;N146;-73.562185;45.507831
901;-73.562161;45.507856;7;N147;-73.562185;45.507831
901;-73.562161;45.507856;7;N148;-73.562105;45.507915999999994
901;-73.562161;45.507856;7;N149;-73.562061;45.507967
901;-73.562161;45.507856;7;N150;-73.562061;45.507967
902;-73.560987;45.509786;12;H368;-73.56125300000001;45.509496
902;-73.560987;45.509786;12;H369;-73.56125300000001;45.509496
902;-73.560987;45.509786;12;H370;-73.56116;45.509597
902;-73.560987;45.509786;12;H371;-73.56116;45.509597
902;-73.560987;45.509786;12;H372;-73.56106700000001;45.509698
902;-73.560987;45.509786;12;H373;-73.56106700000001;45.509698
902;-73.560987;45.509786;12;H376;-73.560906;45.509873999999996
902;-73.560987;45.509786;12;H377;-73.560906;45.509873999999996
902;-73.560987;45.509786;12;H378;-73.560813;45.509975
902;-73.560987;45.509786;12;H379;-73.560813;45.509975
902;-73.560987;45.509786;12;H380;-73.560721;45.510077
902;-73.560987;45.509786;12;H381;-73.560721;45.510077
903;-73.561177;45.50896;6;N165;-73.56124799999999;45.508864
903;-73.561177;45.50896;6;N166;-73.56124799999999;45.508864
903;-73.561177;45.50896;6;N167;-73.561177;45.508959999999995
903;-73.561177;45.50896;6;N168;-73.561177;45.508959999999995
903;-73.561177;45.50896;6;N169;-73.56110600000001;45.509057
903;-73.561177;45.50896;6;N170;-73.56110600000001;45.509057
904;-73.560357;45.510583;6;H386;-73.56044399999999;45.510476000000004
904;-73.560357;45.510583;6;H387;-73.56044399999999;45.510476000000004
904;-73.560357;45.510583;6;H388;-73.560339;45.510578
904;-73.560357;45.510583;6;H389;-73.560339;45.510578
904;-73.560357;45.510583;6;H390;-73.560289;45.510696
904;-73.560357;45.510583;6;H391;-73.560289;45.510696
905;-73.560614;45.509635;9;N172;-73.5609;45.509324
905;-73.560614;45.509635;9;N173;-73.5609;45.509324
905;-73.560614;45.509635;9;N174;-73.560805;45.509427
905;-73.560614;45.509635;9;N175;-73.560805;45.509427
905;-73.560614;45.509635;9;N182;-73.56049200000001;45.509768
905;-73.560614;45.509635;9;N183;-73.56049200000001;45.509768
905;-73.560614;45.509635;9;N184;-73.560401;45.509868
905;-73.560614;45.509635;9;N185;-73.560401;45.509868
905;-73.560614;45.509635;9;N186;-73.560334;45.50994
907;-73.560129;45.510206;5;N187;-73.560187;45.510123
907;-73.560129;45.510206;5;N188;-73.560187;45.510123
907;-73.560129;45.510206;5;N189;-73.560112;45.510231
907;-73.560129;45.510206;5;N190;-73.560112;45.510231
907;-73.560129;45.510206;5;N191;-73.560046;45.510323
908;-73.559538;45.511537;9;H392;-73.55969300000001;45.511369
908;-73.559538;45.511537;9;H393;-73.559651;45.511415
908;-73.559538;45.511537;9;H394;-73.559651;45.511415
908;-73.559538;45.511537;9;H395;-73.559568;45.511505
908;-73.559538;45.511537;9;H396;-73.559568;45.511505
908;-73.559538;45.511537;9;H397;-73.559475;45.511606
908;-73.559538;45.511537;9;H398;-73.559475;45.511606
908;-73.559538;45.511537;9;H399;-73.559381;45.511707
908;-73.559538;45.511537;9;H400;-73.559381;45.511707
909;-73.559617;45.510863;6;N197;-73.559731;45.510737
909;-73.559617;45.510863;6;N198;-73.559731;45.510737
909;-73.559617;45.510863;6;N199;-73.559669;45.510806
909;-73.559617;45.510863;6;N202;-73.55954399999999;45.510942
909;-73.559617;45.510863;6;N203;-73.55954399999999;45.510942
909;-73.559617;45.510863;6;N204;-73.559481;45.511012
910;-73.558802;45.512324;15;H923;-73.559173;45.511943
910;-73.558802;45.512324;15;H924;-73.55910899999999;45.512013
910;-73.558802;45.512324;15;H925;-73.559065;45.512059
910;-73.558802;45.512324;15;H926;-73.559065;45.512059
910;-73.558802;45.512324;15;H927;-73.558978;45.512147999999996
910;-73.558802;45.512324;15;H928;-73.558978;45.512147999999996
910;-73.558802;45.512324;15;H932;-73.558768;45.512345
910;-73.558802;45.512324;15;H933;-73.558768;45.512345
910;-73.558802;45.512324;15;H934;-73.558689;45.512431
910;-73.558802;45.512324;15;H935;-73.558689;45.512431
910;-73.558802;45.512324;15;H936;-73.55860600000001;45.512523
910;-73.558802;45.512324;15;H937;-73.55860600000001;45.512523
910;-73.558802;45.512324;15;H938;-73.558524;45.512613
910;-73.558802;45.512324;15;H939;-73.558524;45.512613
910;-73.558802;45.512324;15;H940;-73.558482;45.51266
912;-73.558562;45.512015;11;N700;-73.558768;45.511784999999996
912;-73.558562;45.512015;11;N701;-73.558768;45.511784999999996
912;-73.558562;45.512015;11;N702;-73.558676;45.511887
912;-73.558562;45.512015;11;N703;-73.558676;45.511887
912;-73.558562;45.512015;11;N704;-73.558585;45.511990000000004
912;-73.558562;45.512015;11;N705;-73.558585;45.511990000000004
912;-73.558562;45.512015;11;N706;-73.558493;45.512091999999996
912;-73.558562;45.512015;11;N707;-73.558493;45.512091999999996
912;-73.558562;45.512015;11;N708;-73.558402;45.512194
912;-73.558562;45.512015;11;N709;-73.558402;45.512194
912;-73.558562;45.512015;11;N710;-73.558334;45.51227
913;-73.557886;45.513351;8;Q472;-73.55804;45.513182
913;-73.557886;45.513351;8;Q473;-73.557996;45.51323
913;-73.557886;45.513351;8;Q474;-73.55793299999999;45.5133
913;-73.557886;45.513351;8;Q475;-73.55793299999999;45.5133
913;-73.557886;45.513351;8;Q476;-73.55784200000001;45.5134
913;-73.557886;45.513351;8;Q477;-73.55784200000001;45.5134
913;-73.557886;45.513351;8;Q478;-73.55775200000001;45.513498
913;-73.557886;45.513351;8;Q479;-73.55775200000001;45.513498
914;-73.557871;45.5128;4;N718;-73.557956;45.512723
914;-73.557871;45.5128;4;N719;-73.557874;45.512782
914;-73.557871;45.5128;4;N720;-73.55783100000001;45.512828000000006
914;-73.557871;45.5128;4;N721;-73.557824;45.512865999999995
915;-73.557044;45.514255;6;Q485;-73.557123;45.51416
915;-73.557044;45.514255;6;Q486;-73.557123;45.51416
915;-73.557044;45.514255;6;Q487;-73.55704399999999;45.514254
915;-73.557044;45.514255;6;Q488;-73.55704399999999;45.514254
915;-73.557044;45.514255;6;Q489;-73.556966;45.514351
915;-73.557044;45.514255;6;Q490;-73.556966;45.514351
916;-73.557632;45.513052;5;N723;-73.55769000000001;45.512988
916;-73.557632;45.513052;5;N724;-73.55769000000001;45.512988
916;-73.557632;45.513052;5;N725;-73.55760699999999;45.513079
916;-73.557632;45.513052;5;N726;-73.55760699999999;45.513079
916;-73.557632;45.513052;5;N727;-73.557565;45.513125
1378;-73.569078;45.508126;8;G187;-73.56925799999999;45.507934000000006
1378;-73.569078;45.508126;8;G188;-73.56925799999999;45.507934000000006
1378;-73.569078;45.508126;8;G190;-73.56911099999999;45.508098
1378;-73.569078;45.508126;8;G191;-73.569061;45.508117
1378;-73.569078;45.508126;8;G192;-73.569027;45.508155
1378;-73.569078;45.508126;8;G193;-73.56902600000001;45.508194
1378;-73.569078;45.508126;8;G194;-73.56898199999999;45.508244
1378;-73.569078;45.508126;8;G196;-73.568901;45.508328999999996
1379;-73.569159;45.507715;8;G197;-73.56928;45.507577000000005
1379;-73.569159;45.507715;8;G198;-73.56928;45.507577000000005
1379;-73.569159;45.507715;8;G199;-73.5692;45.507669
1379;-73.569159;45.507715;8;G200;-73.5692;45.507669
1379;-73.569159;45.507715;8;G201;-73.569119;45.507761
1379;-73.569159;45.507715;8;G202;-73.569119;45.507761
1379;-73.569159;45.507715;8;G203;-73.569038;45.507852
1379;-73.569159;45.507715;8;G204;-73.569038;45.507852
1417;-73.571984;45.507451;6;PA149;-73.5721;45.507256
1417;-73.571984;45.507451;6;PA150;-73.5721;45.507256
1417;-73.571984;45.507451;6;PA154;-73.571958;45.507494
1417;-73.571984;45.507451;6;PA155;-73.571958;45.507494
1417;-73.571984;45.507451;6;PA156;-73.571894;45.507602
1417;-73.571984;45.507451;6;PA157;-73.571894;45.507602
1419;-73.571545;45.50818;5;PA171;-73.57159300000001;45.508103000000006
1419;-73.571545;45.50818;5;PA172;-73.57159300000001;45.508103000000006
1419;-73.571545;45.50818;5;PA173;-73.571537;45.508194
1419;-73.571545;45.50818;5;PA174;-73.571502;45.508251
1419;-73.571545;45.50818;5;PA175;-73.571502;45.508251
1420;-73.57192;45.507007;6;E265;-73.572097;45.506710999999996
1420;-73.57192;45.507007;6;E266;-73.572056;45.506781
1420;-73.57192;45.507007;6;E267;-73.572056;45.506781
1420;-73.57192;45.507007;6;E268;-73.571999;45.506871999999994
1420;-73.57192;45.507007;6;E270;-73.571958;45.506941
1420;-73.57192;45.507007;6;E290;-73.571352;45.507956
1436;-73.565575;45.515164;10;G675;-73.56566;45.514891999999996
1436;-73.565575;45.515164;10;G676;-73.565626;45.514998
1436;-73.565575;45.515164;10;G677;-73.565626;45.514998
1436;-73.565575;45.515164;10;G678;-73.565591;45.515108000000005
1436;-73.565575;45.515164;10;G679;-73.565591;45.515108000000005
1436;-73.565575;45.515164;10;G680;-73.565556;45.515225
1436;-73.565575;45.515164;10;G681;-73.565556;45.515225
1436;-73.565575;45.515164;10;G682;-73.565538;45.515288
1436;-73.565575;45.515164;10;G683;-73.565502;45.515397
1436;-73.565575;45.515164;10;G684;-73.565502;45.515397
1437;-73.565446;45.514997;6;G692;-73.565474;45.514873
1437;-73.565446;45.514997;6;G693;-73.565481;45.514948
1437;-73.565446;45.514997;6;G694;-73.565481;45.514948
1437;-73.565446;45.514997;6;G695;-73.56541899999999;45.515053
1437;-73.565446;45.514997;6;G696;-73.56541899999999;45.515053
1437;-73.565446;45.514997;6;G697;-73.565402;45.515109
1438;-73.56541;45.515714;5;G685;-73.565428;45.51562
1438;-73.56541;45.515714;5;G686;-73.565428;45.51562
1438;-73.56541;45.515714;5;G688;-73.56541700000001;45.515747999999995
1438;-73.56541;45.515714;5;G689;-73.56541700000001;45.515747999999995
1438;-73.56541;45.515714;5;G690;-73.56535799999999;45.515833
1439;-73.565292;45.515423;5;G698;-73.56531700000001;45.515344
1439;-73.565292;45.515423;5;G699;-73.56531700000001;45.515344
1439;-73.565292;45.515423;5;G700;-73.56529;45.515423
1439;-73.565292;45.515423;5;G701;-73.565268;45.515502000000005
1439;-73.565292;45.515423;5;G702;-73.565268;45.515502000000005
1457;-73.56715;45.510622;4;G279;-73.567198;45.510521000000004
1457;-73.56715;45.510622;4;G280;-73.56715200000001;45.510618
1457;-73.56715;45.510622;4;G281;-73.56714699999999;45.510628999999994
1457;-73.56715;45.510622;4;G282;-73.567104;45.510719
1458;-73.567077;45.510337;9;G286;-73.567192;45.510111
1458;-73.567077;45.510337;9;G287;-73.567148;45.510191999999996
1458;-73.567077;45.510337;9;G288;-73.567122;45.510243
1458;-73.567077;45.510337;9;G289;-73.567087;45.510314
1458;-73.567077;45.510337;9;G290;-73.567087;45.510314
1458;-73.567077;45.510337;9;G291;-73.567038;45.510416
1458;-73.567077;45.510337;9;G292;-73.567038;45.510416
1458;-73.567077;45.510337;9;G293;-73.566989;45.510515000000005
1458;-73.567077;45.510337;9;G294;-73.566989;45.510515000000005
1461;-73.566718;45.511756;1;G301;-73.56671800000001;45.511756
1462;-73.566574;45.511512;6;G302;-73.56661899999999;45.511371000000004
1462;-73.566574;45.511512;6;G303;-73.56661899999999;45.511371000000004
1462;-73.566574;45.511512;6;G304;-73.56659499999999;45.511449
1462;-73.566574;45.511512;6;G306;-73.56655;45.511588
1462;-73.566574;45.511512;6;G307;-73.56653;45.511646
1462;-73.566574;45.511512;6;G308;-73.56653;45.511646
1463;-73.566473;45.512516;8;G315;-73.566537;45.512319
1463;-73.566473;45.512516;8;G316;-73.566537;45.512319
1463;-73.566473;45.512516;8;G317;-73.566511;45.512399
1463;-73.566473;45.512516;8;G319;-73.56646500000001;45.512541999999996
1463;-73.566473;45.512516;8;G320;-73.56646500000001;45.512541999999996
1463;-73.566473;45.512516;8;G321;-73.566429;45.512648
1463;-73.566473;45.512516;8;G322;-73.566429;45.512648
1463;-73.566473;45.512516;8;G323;-73.566407;45.512715
1464;-73.566022;45.513196;38;G355;-73.566443;45.511906
1464;-73.566022;45.513196;38;G356;-73.566443;45.511906
1464;-73.566022;45.513196;38;G357;-73.566408;45.512015000000005
1464;-73.566022;45.513196;38;G358;-73.566408;45.512015000000005
1464;-73.566022;45.513196;38;G359;-73.566372;45.512124
1464;-73.566022;45.513196;38;G360;-73.566372;45.512124
1464;-73.566022;45.513196;38;G361;-73.566346;45.512202
1464;-73.566022;45.513196;38;G362;-73.566327;45.512263
1464;-73.566022;45.513196;38;G363;-73.566301;45.512341
1464;-73.566022;45.513196;38;G364;-73.566301;45.512341
1464;-73.566022;45.513196;38;G365;-73.566265;45.51245
1464;-73.566022;45.513196;38;G366;-73.566265;45.51245
1464;-73.566022;45.513196;38;G367;-73.566229;45.512559
1464;-73.566022;45.513196;38;G368;-73.566229;45.512559
1464;-73.566022;45.513196;38;G372;-73.566156;45.512781
1464;-73.566022;45.513196;38;G373;-73.566123;45.512879999999996
1464;-73.566022;45.513196;38;G374;-73.566123;45.512879999999996
1464;-73.566022;45.513196;38;G375;-73.566088;45.512989000000005
1464;-73.566022;45.513196;38;G376;-73.566088;45.512989000000005
1464;-73.566022;45.513196;38;G377;-73.566058;45.51308
1464;-73.566022;45.513196;38;G385;-73.565913;45.513528
1464;-73.566022;45.513196;38;G386;-73.565913;45.513528
1464;-73.566022;45.513196;38;G387;-73.565877;45.513639000000005
1464;-73.566022;45.513196;38;G388;-73.565877;45.513639000000005
1464;-73.566022;45.513196;38;G389;-73.565842;45.513749
1464;-73.566022;45.513196;38;G390;-73.565842;45.513749
1464;-73.566022;45.513196;38;G391;-73.56580500000001;45.51386
1464;-73.566022;45.513196;38;G392;-73.56580500000001;45.51386
1464;-73.566022;45.513196;38;G393;-73.56577;45.51397
1464;-73.566022;45.513196;38;G394;-73.56577;45.51397
1464;-73.566022;45.513196;38;G397;-73.565711;45.514151
1464;-73.566022;45.513196;38;G398;-73.565711;45.514151
1464;-73.566022;45.513196;38;G400;-73.56564300000001;45.514359000000006
1464;-73.566022;45.513196;38;G401;-73.56564300000001;45.514359000000006
1464;-73.566022;45.513196;38;G402;-73.56560999999999;45.514464000000004
1464;-73.566022;45.513196;38;G403;-73.56560999999999;45.514464000000004
1464;-73.566022;45.513196;38;G404;-73.56557600000001;45.514569
1464;-73.566022;45.513196;38;G405;-73.56557600000001;45.514569
1465;-73.566243;45.513192;7;G324;-73.566324;45.512941999999995
1465;-73.566243;45.513192;7;G327;-73.566271;45.513107
1465;-73.566243;45.513192;7;G328;-73.566271;45.513107
1465;-73.566243;45.513192;7;G330;-73.566238;45.513209
1465;-73.566243;45.513192;7;G331;-73.56620799999999;45.513302
1465;-73.566243;45.513192;7;G332;-73.56620799999999;45.513302
1465;-73.566243;45.513192;7;G333;-73.566183;45.513378
1466;-73.565901;45.514273;10;G334;-73.5661;45.513651
1466;-73.565901;45.514273;10;G335;-73.5661;45.513651
1466;-73.565901;45.514273;10;G344;-73.565917;45.514223
1466;-73.565901;45.514273;10;G345;-73.565917;45.514223
1466;-73.565901;45.514273;10;G346;-73.565883;45.514328000000006
1466;-73.565901;45.514273;10;G347;-73.565883;45.514328000000006
1466;-73.565901;45.514273;10;G348;-73.565867;45.514381
1466;-73.565901;45.514273;10;G351;-73.56579;45.514618
1466;-73.565901;45.514273;10;G352;-73.56579;45.514618
1466;-73.565901;45.514273;10;G353;-73.565761;45.514706
1512;-73.561716;45.512917;7;H845;-73.561987;45.513042
1512;-73.561716;45.512917;7;H846;-73.561867;45.512984
1512;-73.561716;45.512917;7;H847;-73.561867;45.512984
1512;-73.561716;45.512917;7;H850;-73.561638;45.512881
1512;-73.561716;45.512917;7;H851;-73.561638;45.512881
1512;-73.561716;45.512917;7;H852;-73.561509;45.512822
1512;-73.561716;45.512917;7;H853;-73.561509;45.512822
1529;-73.562405;45.513211;5;H838;-73.56259;45.513294
1529;-73.562405;45.513211;5;H839;-73.562465;45.513238
1529;-73.562405;45.513211;5;H840;-73.562465;45.513238
1529;-73.562405;45.513211;5;H842;-73.562253;45.513141999999995
1529;-73.562405;45.513211;5;H843;-73.562253;45.513141999999995
1559;-73.563455;45.514776;6;G718;-73.563539;45.514684
1559;-73.563455;45.514776;6;G719;-73.563496;45.514728999999996
1559;-73.563455;45.514776;6;G720;-73.563496;45.514728999999996
1559;-73.563455;45.514776;6;G721;-73.563415;45.514821000000005
1559;-73.563455;45.514776;6;G722;-73.563415;45.514821000000005
1559;-73.563455;45.514776;6;G723;-73.56337099999999;45.514871
1567;-73.561763;45.511579;6;H807;-73.562;45.511687
1567;-73.561763;45.511579;6;H808;-73.562;45.511687
1567;-73.561763;45.511579;6;H809;-73.56191700000001;45.511649
1567;-73.561763;45.511579;6;H814;-73.561623;45.511515
1567;-73.561763;45.511579;6;H815;-73.56151899999999;45.511469
1567;-73.561763;45.511579;6;H816;-73.56151899999999;45.511469
1568;-73.562001;45.511551;5;H778;-73.562092;45.511590999999996
1568;-73.562001;45.511551;5;H779;-73.562092;45.511590999999996
1568;-73.562001;45.511551;5;H780;-73.561963;45.511533
1568;-73.562001;45.511551;5;H781;-73.561963;45.511533
1568;-73.562001;45.511551;5;H782;-73.561894;45.511508
1592;-73.570958;45.508653;9;G102;-73.57106;45.508463
1592;-73.570958;45.508653;9;G103;-73.571027;45.508522
1592;-73.570958;45.508653;9;G104;-73.571027;45.508522
1592;-73.570958;45.508653;9;G105;-73.570982;45.508601
1592;-73.570958;45.508653;9;G106;-73.570966;45.508634
1592;-73.570958;45.508653;9;G107;-73.570925;45.508713
1592;-73.570958;45.508653;9;G108;-73.570895;45.508776
1592;-73.570958;45.508653;9;G109;-73.570895;45.508776
1592;-73.570958;45.508653;9;G110;-73.570848;45.508871
1593;-73.570372;45.509977;20;G144;-73.570605;45.509429
1593;-73.570372;45.509977;20;G145;-73.570605;45.509429
1593;-73.570372;45.509977;20;G146;-73.57056;45.50954
1593;-73.570372;45.509977;20;G147;-73.57056;45.50954
1593;-73.570372;45.509977;20;G148;-73.570514;45.50965
1593;-73.570372;45.509977;20;G149;-73.570514;45.50965
1593;-73.570372;45.509977;20;G150;-73.570492;45.509706
1593;-73.570372;45.509977;20;G151;-73.570453;45.509782
1593;-73.570372;45.509977;20;G152;-73.570431;45.509834000000005
1593;-73.570372;45.509977;20;G153;-73.570394;45.509918
1593;-73.570372;45.509977;20;G155;-73.570353;45.510014
1593;-73.570372;45.509977;20;G156;-73.57032;45.510089
1593;-73.570372;45.509977;20;G157;-73.57032;45.510089
1593;-73.570372;45.509977;20;G158;-73.570295;45.510144
1593;-73.570372;45.509977;20;G159;-73.570251;45.51025
1593;-73.570372;45.509977;20;G160;-73.570251;45.51025
1593;-73.570372;45.509977;20;G164;-73.570141;45.5105
1593;-73.570372;45.509977;20;G165;-73.570141;45.5105
1593;-73.570372;45.509977;20;G166;-73.570121;45.510608000000005
1593;-73.570372;45.509977;20;G167;-73.570121;45.510608000000005
1595;-73.570761;45.509796;3;PA190;-73.57079;45.509732
1595;-73.570761;45.509796;3;PA191;-73.570747;45.509828000000006
1595;-73.570761;45.509796;3;PA192;-73.570747;45.509828000000006
1596;-73.570404;45.510615;16;PA202;-73.570594;45.510184
1596;-73.570404;45.510615;16;PA203;-73.570551;45.51028
1596;-73.570404;45.510615;16;PA204;-73.57052900000001;45.510332
1596;-73.570404;45.510615;16;PA205;-73.57052900000001;45.510332
1596;-73.570404;45.510615;16;PA206;-73.570483;45.510435
1596;-73.570404;45.510615;16;PA207;-73.570483;45.510435
1596;-73.570404;45.510615;16;PA208;-73.570438;45.510538000000004
1596;-73.570404;45.510615;16;PA209;-73.570438;45.510538000000004
1596;-73.570404;45.510615;16;PA210;-73.57039300000001;45.510641
1596;-73.570404;45.510615;16;PA211;-73.57039300000001;45.510641
1596;-73.570404;45.510615;16;PA213;-73.570335;45.510771999999996
1596;-73.570404;45.510615;16;PA214;-73.570308;45.510822
1596;-73.570404;45.510615;16;PA215;-73.570267;45.510919
1596;-73.570404;45.510615;16;PA216;-73.570267;45.510919
1596;-73.570404;45.510615;16;PA217;-73.57023199999999;45.511025
1596;-73.570404;45.510615;16;PA218;-73.57023199999999;45.511025
1622;-73.565705;45.511493;20;G617;-73.566367;45.511798
1622;-73.565705;45.511493;20;G619;-73.566226;45.511731
1622;-73.565705;45.511493;20;G620;-73.566226;45.511731
1622;-73.565705;45.511493;20;G621;-73.566162;45.511702
1622;-73.565705;45.511493;20;G622;-73.56603299999999;45.511643
1622;-73.565705;45.511493;20;G623;-73.56603299999999;45.511643
1622;-73.565705;45.511493;20;G624;-73.565969;45.511613
1622;-73.565705;45.511493;20;G625;-73.56584000000001;45.511555
1622;-73.565705;45.511493;20;G626;-73.56584000000001;45.511555
1622;-73.565705;45.511493;20;G627;-73.565711;45.511496
1622;-73.565705;45.511493;20;G628;-73.565711;45.511496
1622;-73.565705;45.511493;20;G629;-73.56558299999999;45.511437
1622;-73.565705;45.511493;20;G630;-73.56558299999999;45.511437
1622;-73.565705;45.511493;20;G631;-73.565454;45.511378
1622;-73.565705;45.511493;20;G632;-73.565454;45.511378
1622;-73.565705;45.511493;20;G633;-73.565325;45.511319
1622;-73.565705;45.511493;20;G634;-73.565325;45.511319
1622;-73.565705;45.511493;20;G637;-73.565112;45.511221
1622;-73.565705;45.511493;20;G638;-73.565112;45.511221
1622;-73.565705;45.511493;20;G639;-73.565043;45.511189
1623;-73.56591;45.511441;11;G595;-73.566436;45.511681
1623;-73.56591;45.511441;11;G596;-73.566436;45.511681
1623;-73.56591;45.511441;11;G597;-73.566333;45.511633
1623;-73.56591;45.511441;11;G599;-73.566128;45.511540999999994
1623;-73.56591;45.511441;11;G600;-73.566128;45.511540999999994
1623;-73.56591;45.511441;11;G602;-73.566008;45.511484
1623;-73.56591;45.511441;11;G603;-73.56589699999999;45.511434
1623;-73.56591;45.511441;11;G604;-73.56589699999999;45.511434
1623;-73.56591;45.511441;11;G612;-73.565315;45.511171000000004
1623;-73.56591;45.511441;11;G613;-73.565315;45.511171000000004
1623;-73.56591;45.511441;11;G616;-73.56512;45.511081
1624;-73.564542;45.510819;3;H758;-73.56461800000001;45.510853000000004
1624;-73.564542;45.510819;3;H759;-73.56461800000001;45.510853000000004
1624;-73.564542;45.510819;3;H762;-73.564391;45.510751
1625;-73.564537;45.510961;5;H768;-73.564674;45.511022
1625;-73.564537;45.510961;5;H769;-73.564674;45.511022
1625;-73.564537;45.510961;5;H770;-73.564553;45.510968
1625;-73.564537;45.510961;5;H772;-73.56439300000001;45.510896
1625;-73.564537;45.510961;5;H773;-73.56439300000001;45.510896
1686;-73.567948;45.512136;7;G174;-73.567982;45.512002
1686;-73.567948;45.512136;7;G175;-73.567982;45.512002
1686;-73.567948;45.512136;7;G176;-73.567954;45.512109
1686;-73.567948;45.512136;7;G177;-73.567954;45.512109
1686;-73.567948;45.512136;7;G178;-73.567929;45.512215999999995
1686;-73.567948;45.512136;7;G179;-73.567929;45.512215999999995
1686;-73.567948;45.512136;7;G180;-73.56790500000001;45.512297
2020;-73.562336;45.509671;3;H301;-73.562354;45.509651
2020;-73.562336;45.509671;3;H302;-73.562354;45.509651
2020;-73.562336;45.509671;3;H303;-73.562301;45.509710999999996
2028;-73.559416;45.512978;4;Q461;-73.55945799999999;45.512933000000004
2028;-73.559416;45.512978;4;Q462;-73.55945799999999;45.512933000000004
2028;-73.559416;45.512978;4;Q463;-73.559374;45.513023
2028;-73.559416;45.512978;4;Q464;-73.559374;45.513023
2031;-73.561821;45.509389;4;H307;-73.561861;45.509342
2031;-73.561821;45.509389;4;H308;-73.561861;45.509342
2031;-73.561821;45.509389;4;H309;-73.561782;45.509434999999996
2031;-73.561821;45.509389;4;H310;-73.561782;45.509434999999996
2034;-73.562636;45.512322;3;H168;-73.56266;45.512274
2034;-73.562636;45.512322;3;H169;-73.56266;45.512274
2034;-73.562636;45.512322;3;H172;-73.562587;45.512419
2038;-73.569929;45.509;17;G444;-73.570604;45.509315
2038;-73.569929;45.509;17;G446;-73.570438;45.509239
2038;-73.569929;45.509;17;G447;-73.570438;45.509239
2038;-73.569929;45.509;17;G448;-73.57037;45.509208
2038;-73.569929;45.509;17;G451;-73.570176;45.509116999999996
2038;-73.569929;45.509;17;G452;-73.57008;45.509071
2038;-73.569929;45.509;17;G453;-73.57008;45.509071
2038;-73.569929;45.509;17;G454;-73.569947;45.509009000000006
2038;-73.569929;45.509;17;G455;-73.569947;45.509009000000006
2038;-73.569929;45.509;17;G456;-73.56981400000001;45.508946
2038;-73.569929;45.509;17;G457;-73.56981400000001;45.508946
2038;-73.569929;45.509;17;G458;-73.569682;45.508883000000004
2038;-73.569929;45.509;17;G459;-73.569618;45.508854
2038;-73.569929;45.509;17;G460;-73.569618;45.508854
2038;-73.569929;45.509;17;G462;-73.569426;45.508763
2038;-73.569929;45.509;17;G463;-73.569426;45.508763
2038;-73.569929;45.509;17;G464;-73.569317;45.508713
2039;-73.562256;45.512798;10;H173;-73.56241899999999;45.512615000000004
2039;-73.562256;45.512798;10;H174;-73.562411;45.51266
2039;-73.562256;45.512798;10;H175;-73.56239000000001;45.512682
2039;-73.562256;45.512798;10;H176;-73.562335;45.512706
2039;-73.562256;45.512798;10;H177;-73.562251;45.512796
2039;-73.562256;45.512798;10;H178;-73.562251;45.512796
2039;-73.562256;45.512798;10;H179;-73.562167;45.512886
2039;-73.562256;45.512798;10;H180;-73.562167;45.512886
2039;-73.562256;45.512798;10;H181;-73.562083;45.512976
2039;-73.562256;45.512798;10;H182;-73.562083;45.512976
2276;-73.566515;45.518649;4;S604;-73.566547;45.518576
2276;-73.566515;45.518649;4;S605;-73.566547;45.518576
2276;-73.566515;45.518649;4;S606;-73.566502;45.518679
2276;-73.566515;45.518649;4;S608;-73.566463;45.518765
2284;-73.565355;45.514703;3;G893;-73.565407;45.514728000000005
2284;-73.565355;45.514703;3;G894;-73.565329;45.51469
2284;-73.565355;45.514703;3;G895;-73.565329;45.51469
2375;-73.566518;45.506678;12;H946;-73.56674699999999;45.506417
2375;-73.566518;45.506678;12;H947;-73.56674699999999;45.506417
2375;-73.566518;45.506678;12;H948;-73.566666;45.506509
2375;-73.566518;45.506678;12;H949;-73.566666;45.506509
2375;-73.566518;45.506678;12;H950;-73.566585;45.506601
2375;-73.566518;45.506678;12;H951;-73.566585;45.506601
2375;-73.566518;45.506678;12;H952;-73.566505;45.506693
2375;-73.566518;45.506678;12;H953;-73.566505;45.506693
2375;-73.566518;45.506678;12;H956;-73.566344;45.506877
2375;-73.566518;45.506678;12;H957;-73.566344;45.506877
2375;-73.566518;45.506678;12;H958;-73.566263;45.506969
2375;-73.566518;45.506678;12;H959;-73.566263;45.506969
2578;-73.563892;45.512349;24;G896;-73.564921;45.511195
2578;-73.563892;45.512349;24;G897;-73.564851;45.511276
2578;-73.563892;45.512349;24;G898;-73.564851;45.511276
2578;-73.563892;45.512349;24;G899;-73.56477;45.511368
2578;-73.563892;45.512349;24;G900;-73.56477;45.511368
2578;-73.563892;45.512349;24;G901;-73.56469;45.511459
2578;-73.563892;45.512349;24;G902;-73.56469;45.511459
2578;-73.563892;45.512349;24;G903;-73.56460600000001;45.511555
2578;-73.563892;45.512349;24;G904;-73.56460600000001;45.511555
2578;-73.563892;45.512349;24;G905;-73.564527;45.511643
2578;-73.563892;45.512349;24;G906;-73.564527;45.511643
2578;-73.563892;45.512349;24;G932;-73.563462;45.512828999999996
2578;-73.563892;45.512349;24;G933;-73.563389;45.51291
2578;-73.563892;45.512349;24;G934;-73.563389;45.51291
2578;-73.563892;45.512349;24;G935;-73.563305;45.513005
2578;-73.563892;45.512349;24;G936;-73.563305;45.513005
2578;-73.563892;45.512349;24;G937;-73.56322;45.513099
2578;-73.563892;45.512349;24;G938;-73.56322;45.513099
2578;-73.563892;45.512349;24;G939;-73.563138;45.513191
2578;-73.563892;45.512349;24;G940;-73.563138;45.513191
2578;-73.563892;45.512349;24;G941;-73.563051;45.513288
2578;-73.563892;45.512349;24;G942;-73.563051;45.513288
2578;-73.563892;45.512349;24;G943;-73.562967;45.513383000000005
2578;-73.563892;45.512349;24;G944;-73.562967;45.513383000000005
2592;-73.567964;45.50713;7;H960;-73.568071;45.507017
2592;-73.567964;45.50713;7;H961;-73.568071;45.507017
2592;-73.567964;45.50713;7;H962;-73.567983;45.50711
2592;-73.567964;45.50713;7;H963;-73.567983;45.50711
2592;-73.567964;45.50713;7;H964;-73.567894;45.507203000000004
2592;-73.567964;45.50713;7;H965;-73.567894;45.507203000000004
2592;-73.567964;45.50713;7;H966;-73.567852;45.507251000000004
2593;-73.567805;45.507055;7;H967;-73.56791199999999;45.506941999999995
2593;-73.567805;45.507055;7;H968;-73.56791199999999;45.506941999999995
2593;-73.567805;45.507055;7;H969;-73.567823;45.507034999999995
2593;-73.567805;45.507055;7;H970;-73.567823;45.507034999999995
2593;-73.567805;45.507055;7;H971;-73.567736;45.507127000000004
2593;-73.567805;45.507055;7;H972;-73.567736;45.507127000000004
2593;-73.567805;45.507055;7;H973;-73.567691;45.507174
2594;-73.568166;45.507517;10;H974;-73.568421;45.507636
2594;-73.568166;45.507517;10;H975;-73.568421;45.507636
2594;-73.568166;45.507517;10;H976;-73.56829300000001;45.507577000000005
2594;-73.568166;45.507517;10;H977;-73.56829300000001;45.507577000000005
2594;-73.568166;45.507517;10;H978;-73.568166;45.507517
2594;-73.568166;45.507517;10;H979;-73.568166;45.507517
2594;-73.568166;45.507517;10;H980;-73.568039;45.507457
2594;-73.568166;45.507517;10;H981;-73.568039;45.507457
2594;-73.568166;45.507517;10;H982;-73.567911;45.507397
2594;-73.568166;45.507517;10;H983;-73.567911;45.507397
2595;-73.567183;45.507056;12;H985;-73.567545;45.507226
2595;-73.567183;45.507056;12;H986;-73.567545;45.507226
2595;-73.567183;45.507056;12;H987;-73.567417;45.507166
2595;-73.567183;45.507056;12;H988;-73.567417;45.507166
2595;-73.567183;45.507056;12;H989;-73.567289;45.507106
2595;-73.567183;45.507056;12;H990;-73.567289;45.507106
2595;-73.567183;45.507056;12;H991;-73.567162;45.507046
2595;-73.567183;45.507056;12;H992;-73.567162;45.507046
2595;-73.567183;45.507056;12;H995;-73.566906;45.506926
2595;-73.567183;45.507056;12;H996;-73.566906;45.506926
2595;-73.567183;45.507056;12;H997;-73.566779;45.506865999999995
2595;-73.567183;45.507056;12;H998;-73.566779;45.506865999999995
2601;-73.567472;45.506637;13;H414;-73.567879;45.506838
2601;-73.567472;45.506637;13;H415;-73.567879;45.506838
2601;-73.567472;45.506637;13;H416;-73.567745;45.506774
2601;-73.567472;45.506637;13;H417;-73.567745;45.506774
2601;-73.567472;45.506637;13;H418;-73.567621;45.50671
2601;-73.567472;45.506637;13;H419;-73.567621;45.50671
2601;-73.567472;45.506637;13;H420;-73.567513;45.506634000000005
2601;-73.567472;45.506637;13;H423;-73.56734499999999;45.506586
2601;-73.567472;45.506637;13;H424;-73.567246;45.506538
2601;-73.567472;45.506637;13;H425;-73.567246;45.506538
2601;-73.567472;45.506637;13;H426;-73.567145;45.506488
2601;-73.567472;45.506637;13;H427;-73.567074;45.506429
2601;-73.567472;45.506637;13;H428;-73.567074;45.506429
2612;-73.56813;45.504795;18;F953;-73.56862;45.504245000000004
2612;-73.56813;45.504795;18;F954;-73.568556;45.504359
2612;-73.56813;45.504795;18;F955;-73.568556;45.504359
2612;-73.56813;45.504795;18;F959;-73.56835600000001;45.504531
2612;-73.56813;45.504795;18;F960;-73.56835600000001;45.504531
2612;-73.56813;45.504795;18;F961;-73.568272;45.504624
2612;-73.56813;45.504795;18;F963;-73.568197;45.504705
2612;-73.56813;45.504795;18;F965;-73.568125;45.504787
2612;-73.56813;45.504795;18;F966;-73.56811400000001;45.504847
2612;-73.56813;45.504795;18;F967;-73.56811400000001;45.504847
2612;-73.56813;45.504795;18;F968;-73.56800600000001;45.504921
2612;-73.56813;45.504795;18;F969;-73.56800600000001;45.504921
2612;-73.56813;45.504795;18;F970;-73.567926;45.505012
2612;-73.56813;45.504795;18;F971;-73.567926;45.505012
2612;-73.56813;45.504795;18;F972;-73.567841;45.505107
2612;-73.56813;45.504795;18;F973;-73.567841;45.505107
2612;-73.56813;45.504795;18;F974;-73.56779300000001;45.505163
2612;-73.56813;45.504795;18;F975;-73.567738;45.505224
2613;-73.560745;45.513302;12;Q007;-73.560953;45.513018
2613;-73.560745;45.513302;12;Q008;-73.560953;45.513018
2613;-73.560745;45.513302;12;Q010;-73.560866;45.51317
2613;-73.560745;45.513302;12;Q011;-73.560866;45.51317
2613;-73.560745;45.513302;12;Q012;-73.560787;45.513261
2613;-73.560745;45.513302;12;Q013;-73.560787;45.513261
2613;-73.560745;45.513302;12;Q014;-73.560744;45.51331
2613;-73.560745;45.513302;12;Q015;-73.56066700000001;45.5134
2613;-73.560745;45.513302;12;Q016;-73.560621;45.513453000000005
2613;-73.560745;45.513302;12;Q017;-73.560621;45.513453000000005
2613;-73.560745;45.513302;12;Q018;-73.560535;45.513552000000004
2613;-73.560745;45.513302;12;Q019;-73.560535;45.513552000000004
2618;-73.56726;45.505786;17;F977;-73.567571;45.505427000000005
2618;-73.56726;45.505786;17;F978;-73.567571;45.505427000000005
2618;-73.56726;45.505786;17;F979;-73.567525;45.505478000000004
2618;-73.56726;45.505786;17;F980;-73.567452;45.505561
2618;-73.56726;45.505786;17;F981;-73.567452;45.505561
2618;-73.56726;45.505786;17;F982;-73.56740699999999;45.505614
2618;-73.56726;45.505786;17;F983;-73.567363;45.505663
2618;-73.56726;45.505786;17;F985;-73.567293;45.505784999999996
2618;-73.56726;45.505786;17;F986;-73.567293;45.505784999999996
2618;-73.56726;45.505786;17;F987;-73.567187;45.505866
2618;-73.56726;45.505786;17;F988;-73.567187;45.505866
2618;-73.56726;45.505786;17;F989;-73.56711899999999;45.505942
2618;-73.56726;45.505786;17;F990;-73.567083;45.505984000000005
2618;-73.56726;45.505786;17;F991;-73.567042;45.506029999999996
2618;-73.56726;45.505786;17;F992;-73.567004;45.506074
2618;-73.56726;45.505786;17;F993;-73.566962;45.506122999999995
2618;-73.56726;45.505786;17;F994;-73.56691500000001;45.506176
2619;-73.568971;45.504975;10;F001;-73.569535;45.505233000000004
2619;-73.568971;45.504975;10;F004;-73.56933000000001;45.505136
2619;-73.568971;45.504975;10;F005;-73.569215;45.505082
2619;-73.568971;45.504975;10;F006;-73.569215;45.505082
2619;-73.568971;45.504975;10;F010;-73.568854;45.504926
2619;-73.568971;45.504975;10;F011;-73.568854;45.504926
2619;-73.568971;45.504975;10;F012;-73.568791;45.504895
2619;-73.568971;45.504975;10;F013;-73.568663;45.504835
2619;-73.568971;45.504975;10;F014;-73.568663;45.504835
2619;-73.568971;45.504975;10;F015;-73.568586;45.504799
2626;-73.563093;45.510553;7;H066;-73.56318399999999;45.510431
2626;-73.563093;45.510553;7;H067;-73.56318399999999;45.510431
2626;-73.563093;45.510553;7;H068;-73.56314;45.510526
2626;-73.563093;45.510553;7;H069;-73.56309300000001;45.510582
2626;-73.563093;45.510553;7;H070;-73.56309300000001;45.510582
2626;-73.563093;45.510553;7;H071;-73.56298000000001;45.510659999999994
2626;-73.563093;45.510553;7;H072;-73.56298000000001;45.510659999999994
2627;-73.562792;45.510898;3;H076;-73.562828;45.510857
2627;-73.562792;45.510898;3;H077;-73.562774;45.510918
2627;-73.562792;45.510898;3;H078;-73.562774;45.510918
2628;-73.562391;45.511393;10;H082;-73.562551;45.511209
2628;-73.562391;45.511393;10;H083;-73.562551;45.511209
2628;-73.562391;45.511393;10;H084;-73.562471;45.511301
2628;-73.562391;45.511393;10;H085;-73.562471;45.511301
2628;-73.562391;45.511393;10;H086;-73.562391;45.511393
2628;-73.562391;45.511393;10;H087;-73.562391;45.511393
2628;-73.562391;45.511393;10;H088;-73.562311;45.511485
2628;-73.562391;45.511393;10;H089;-73.562311;45.511485
2628;-73.562391;45.511393;10;H090;-73.56223100000001;45.511577
2628;-73.562391;45.511393;10;H091;-73.56223100000001;45.511577
2716;-73.565049;45.508349;11;H019;-73.565298;45.508065
2716;-73.565049;45.508349;11;H020;-73.565298;45.508065
2716;-73.565049;45.508349;11;H023;-73.565136;45.508247999999995
2716;-73.565049;45.508349;11;H024;-73.565136;45.508247999999995
2716;-73.565049;45.508349;11;H025;-73.56505600000001;45.508340000000004
2716;-73.565049;45.508349;11;H026;-73.56505600000001;45.508340000000004
2716;-73.565049;45.508349;11;H027;-73.564975;45.508432
2716;-73.565049;45.508349;11;H028;-73.564975;45.508432
2716;-73.565049;45.508349;11;H029;-73.56489499999999;45.508524
2716;-73.565049;45.508349;11;H030;-73.56489499999999;45.508524
2716;-73.565049;45.508349;11;H031;-73.564815;45.508615999999996
2717;-73.563895;45.50967;3;H052;-73.56392199999999;45.509639
2717;-73.563895;45.50967;3;H053;-73.56392199999999;45.509639
2717;-73.563895;45.50967;3;H054;-73.563841;45.509731
2718;-73.563502;45.510119;4;H056;-73.563613;45.509993
2718;-73.563502;45.510119;4;H059;-73.563491;45.51013
2718;-73.563502;45.510119;4;H060;-73.563491;45.51013
2718;-73.563502;45.510119;4;H061;-73.563412;45.510222999999996
2719;-73.560134;45.51396;7;Q022;-73.56025799999999;45.513849
2719;-73.560134;45.51396;7;Q023;-73.56018900000001;45.513884000000004
2719;-73.560134;45.51396;7;Q024;-73.56018900000001;45.513884000000004
2719;-73.560134;45.51396;7;Q025;-73.560113;45.513978
2719;-73.560134;45.51396;7;Q026;-73.560113;45.513978
2719;-73.560134;45.51396;7;Q027;-73.560038;45.514072
2719;-73.560134;45.51396;7;Q028;-73.560038;45.514072
2720;-73.559387;45.514809;4;Q038;-73.559431;45.514762
2720;-73.559387;45.514809;4;Q039;-73.559431;45.514762
2720;-73.559387;45.514809;4;Q040;-73.559342;45.514857
2720;-73.559387;45.514809;4;Q041;-73.559342;45.514857
2721;-73.559124;45.515099;4;Q042;-73.559166;45.515053
2721;-73.559124;45.515099;4;Q043;-73.559166;45.515053
2721;-73.559124;45.515099;4;Q044;-73.55908199999999;45.515145000000004
2721;-73.559124;45.515099;4;Q045;-73.55908199999999;45.515145000000004
2732;-73.568642;45.507814;6;G951;-73.568732;45.507636
2732;-73.568642;45.507814;6;G952;-73.568732;45.507636
2732;-73.568642;45.507814;6;G955;-73.568625;45.507847999999996
2732;-73.568642;45.507814;6;G956;-73.568625;45.507847999999996
2732;-73.568642;45.507814;6;G957;-73.56857;45.507958
2732;-73.568642;45.507814;6;G958;-73.56857;45.507958
2770;-73.569399;45.512949;1;PB391;-73.569399;45.512949
2771;-73.569204;45.513379;5;PC572;-73.569242;45.513290999999995
2771;-73.569204;45.513379;5;PC573;-73.56921700000001;45.51335
2771;-73.569204;45.513379;5;PC574;-73.56921700000001;45.51335
2771;-73.569204;45.513379;5;PC575;-73.569172;45.513451
2771;-73.569204;45.513379;5;PC576;-73.569172;45.513451
2772;-73.569026;45.513777;3;PC579;-73.569038;45.513751
2772;-73.569026;45.513777;3;PC580;-73.569038;45.513751
2772;-73.569026;45.513777;3;PC581;-73.569002;45.513828000000004
2773;-73.568775;45.514336;7;PC586;-73.568861;45.514144
2773;-73.568775;45.514336;7;PC587;-73.56881;45.514255
2773;-73.568775;45.514336;7;PC588;-73.56881;45.514255
2773;-73.568775;45.514336;7;PC589;-73.56876;45.51437
2773;-73.568775;45.514336;7;PC590;-73.56876;45.51437
2773;-73.568775;45.514336;7;PC591;-73.568711;45.514478999999994
2773;-73.568775;45.514336;7;PC592;-73.568711;45.514478999999994
2774;-73.567944;45.516174;21;PC599;-73.568267;45.515454
2774;-73.567944;45.516174;21;PC600;-73.56823;45.51554
2774;-73.567944;45.516174;21;PC601;-73.56823;45.51554
2774;-73.567944;45.516174;21;PC602;-73.568185;45.515640999999995
2774;-73.567944;45.516174;21;PC603;-73.568185;45.515640999999995
2774;-73.567944;45.516174;21;PC604;-73.568139;45.515741999999996
2774;-73.567944;45.516174;21;PC605;-73.568139;45.515741999999996
2774;-73.567944;45.516174;21;PC609;-73.568009;45.515975
2774;-73.567944;45.516174;21;PC613;-73.56793499999999;45.516197
2774;-73.567944;45.516174;21;PC614;-73.56793499999999;45.516197
2774;-73.567944;45.516174;21;PC615;-73.567887;45.516304999999996
2774;-73.567944;45.516174;21;PC616;-73.567887;45.516304999999996
2774;-73.567944;45.516174;21;PC617;-73.567838;45.516413
2774;-73.567944;45.516174;21;PC618;-73.567838;45.516413
2774;-73.567944;45.516174;21;PC619;-73.567789;45.516521000000004
2774;-73.567944;45.516174;21;PC620;-73.567789;45.516521000000004
2774;-73.567944;45.516174;21;PC621;-73.56774300000001;45.516622999999996
2774;-73.567944;45.516174;21;PC622;-73.56774300000001;45.516622999999996
2774;-73.567944;45.516174;21;PC623;-73.567697;45.516726
2774;-73.567944;45.516174;21;PC624;-73.567697;45.516726
2774;-73.567944;45.516174;21;PC625;-73.567663;45.516803
2775;-73.56684;45.51862;6;PC629;-73.566956;45.518365
2775;-73.56684;45.51862;6;PC630;-73.56691500000001;45.518453
2775;-73.56684;45.51862;6;PC631;-73.56691500000001;45.518453
2775;-73.56684;45.51862;6;PC635;-73.566805;45.518694
2775;-73.56684;45.51862;6;PC638;-73.566734;45.518853
2775;-73.56684;45.51862;6;PC639;-73.56671300000001;45.518903
2781;-73.560405;45.512312;19;Q067;-73.561128;45.512644
2781;-73.560405;45.512312;19;Q068;-73.561128;45.512644
2781;-73.560405;45.512312;19;Q069;-73.560989;45.512578999999995
2781;-73.560405;45.512312;19;Q070;-73.560989;45.512578999999995
2781;-73.560405;45.512312;19;Q073;-73.560765;45.512476
2781;-73.560405;45.512312;19;Q074;-73.560765;45.512476
2781;-73.560405;45.512312;19;Q075;-73.56069699999999;45.512443
2781;-73.560405;45.512312;19;Q078;-73.560477;45.512343
2781;-73.560405;45.512312;19;Q079;-73.560396;45.512307
2781;-73.560405;45.512312;19;Q080;-73.560396;45.512307
2781;-73.560405;45.512312;19;Q081;-73.56025600000001;45.512244
2781;-73.560405;45.512312;19;Q082;-73.56025600000001;45.512244
2781;-73.560405;45.512312;19;Q083;-73.560117;45.512178999999996
2781;-73.560405;45.512312;19;Q084;-73.560117;45.512178999999996
2781;-73.560405;45.512312;19;Q086;-73.559955;45.512106
2781;-73.560405;45.512312;19;Q087;-73.55988;45.512071999999996
2781;-73.560405;45.512312;19;Q088;-73.55988;45.512071999999996
2781;-73.560405;45.512312;19;Q089;-73.55975;45.512014
2781;-73.560405;45.512312;19;Q090;-73.55975;45.512014
2821;-73.561831;45.50965;5;N982;-73.561932;45.509696000000005
2821;-73.561831;45.50965;5;N983;-73.561932;45.509696000000005
2821;-73.561831;45.50965;5;N984;-73.561803;45.509637
2821;-73.561831;45.50965;5;N985;-73.561803;45.509637
2821;-73.561831;45.50965;5;N986;-73.561684;45.509584999999994
2874;-73.566805;45.511845;3;G963;-73.566873;45.511877
2874;-73.566805;45.511845;3;G964;-73.566801;45.511844
2874;-73.566805;45.511845;3;G965;-73.56674;45.511814
2918;-73.569908;45.511777;6;PB400;-73.569952;45.511677
2918;-73.569908;45.511777;6;PB401;-73.569952;45.511677
2918;-73.569908;45.511777;6;PB402;-73.569908;45.511778
2918;-73.569908;45.511777;6;PB403;-73.569908;45.511778
2918;-73.569908;45.511777;6;PB404;-73.569864;45.511877
2918;-73.569908;45.511777;6;PB405;-73.569864;45.511877
2919;-73.569645;45.512401;2;PB412;-73.569645;45.512401000000004
2919;-73.569645;45.512401;2;PB413;-73.569645;45.512401000000004
